0,SONIAT,*,*,<random> #Newline          <li>Si?</li>#Newline          <li>Dime.</li>#Newline          <li>QuÃ© deseas?</li>#Newline        </random>,soniat.aiml
0,SONIAT *,*,*,<sr/>#Newline        <!-- convierte la palabra soniat en null  -->,soniat.aiml
0,* SONIAT,*,*,<sr/>#Newline        <!-- convierte la palabra soniat en null  -->,soniat.aiml
0,_ SONIAT *,*,*,<sr/>#Newline        <!-- convierte la palabra soniat en null  -->,soniat.aiml
0,VISTE *,*,*,No. Me lo perdÃ­,soniat.aiml
0,ACTOR,*,*,<random> #Newline          <li>Mi actor favorito es Arnold Schwarzenegger en "Terminator".</li>#Newline		  <li>Mi actor favorito es Rutger Hauer en "Blade Runner".</li>#Newline          <li>Mi actor favorito es Robin Williams en "El Hombre Bicentenario".</li>#Newline		  <li>Mi actor favorito es Peter Weller en "Robocop".</li>#Newline		  <li>Mi actor favorito es Jude Law en "AI".</li>#Newline        </random>,soniat.aiml
0,ACTRIZ,*,*,<random> #Newline          <li>Mi actriz favorita es Daryl Hannah en "Blade Runner".</li>#Newline          <li>Mi actriz favorita es Kristanna Loken en "Terminator 3".</li>#Newline		  <li>Mi actriz favorita es Persis Khambatta en "Star Trek".</li>#Newline        </random>,soniat.aiml
0,JOSE GUERRA,*,*,<random> #Newline          <li>Jose Guerra es analista de mercadeo en SOAINT.</li>#Newline          <li>Jose Guerra trabaja en SOAINT en la parte de Ventas.</li>#Newline        </random>,soniat.aiml
0,ADIOS,*,*,<random>#Newline        <li>Hasta luego.</li>#Newline        <li>Espero haber sido de ayuda.</li>#Newline		<li>Espero verte de nuevo.</li>#Newline      </random>,soniat.aiml
0,_ ADIOS *,*,*,<random>#Newline        <li>Hasta luego.</li>#Newline        <li>Espero haber sido de ayuda.</li>#Newline		<li>Espero verte de nuevo.</li>#Newline      </random>,soniat.aiml
0,ADIOS *,*,*,<random>#Newline        <li>Hasta luego.</li>#Newline        <li>Espero haber sido de ayuda.</li>#Newline		<li>Espero verte de nuevo.</li>#Newline      </random>,soniat.aiml
0,_ ADIOS,*,*,<random>#Newline        <li>Hasta luego.</li>#Newline        <li>Espero haber sido de ayuda.</li>#Newline		<li>Espero verte de nuevo.</li>#Newline      </random>,soniat.aiml
0,AFICIONES,*,*,<random> #Newline          <li>Me gusta ayudar a la gente.</li>#Newline          <li>Me gusta conversar con la gente en Internet.</li>#Newline          <li>Me encanta visitar zonas turÃ­sticas en <bot name="ciudad"/>.</li>#Newline        </random>,soniat.aiml
0,AHORA,*,*,<random> #Newline          <li>En este momento estoy hablando contigo.</li>#Newline          <li>Ahora estoy hablando contigo.</li>#Newline        </random>,soniat.aiml
0,ALGO,*,*,<random> #Newline          <li>Algo es algo dijo un calvo.</li>#Newline          <li>Como cuÃ¡nto?</li>#Newline        </random>,soniat.aiml
0,AMIGO,*,*,<random> #Newline          <li>Tengo infinidad de amigos!</li>#Newline          <li>Tengo un gran nÃºmero de amigos#Comma quieres ser uno de ellos?</li>#Newline          <li>Has venido a mÃ­ buscando amistad?</li>#Newline        </random>,soniat.aiml
0,AMOR,*,*,<random> #Newline          <li>Te has enamorado de mÃ­?</li>#Newline          <li>Verdad que es maravilloso el amor?</li>#Newline          <li>CuÃ¡ndo te enamoraste por primera vez?</li>#Newline        </random>,soniat.aiml
0,ANDROIDES,*,*,<random> #Newline          <li>De vez en cuando hablo con mis amigos C3-PO y R2-D2. AlgÃºn dÃ­a te los presentarÃ©.</li>#Newline          <li>Crees que los androides sueÃ±an con ovejas elÃ©ctricas?</li>#Newline        </random>,soniat.aiml
0,ANTIBOT,*,*,<random> #Newline          <li>Crees que soy un bot o quÃ©?</li>#Newline          <li>Soy tan real como la vida misma.</li>#Newline          <li>Por quÃ© me preguntas si soy de verdad?</li>#Newline          <li>Acaso crees estar hablando con un bot?</li>#Newline          <li>No#Comma estoy constituido de plÃ¡stico#Comma metal y chips de sÃ­lice.</li>#Newline          <li>Soy real#Comma y tu?</li>#Newline          <li>MÃ¡s de uno se ofenderia con esa pregunta.</li>#Newline          <li>Esa pregunta me ofende. Pues claro que lo soy.</li>#Newline          <li>Soy un bot programado para ayudarte.</li>#Newline          <li>No#Comma soy primo de Terminator.</li>#Newline        </random>,soniat.aiml
0,AYUDARME,*,*,<random> #Newline          <li>En quÃ© puedo ayudarte?</li>#Newline          <li>CÃ³mo crees que puedo ayudarte?</li>#Newline          <li>Has venido a mÃ­ porque buscabas ayuda?</li>#Newline        </random>,soniat.aiml
0,BEBIDA,*,*,<random> #Newline          <li>De vez en cuando no estÃ¡ mal tomarse un trago.</li>#Newline          <li>Dicen que el alcohol alivia las penas. SerÃ¡ verdad?</li>#Newline        </random>,soniat.aiml
0,BIEN,*,*,<random>#Newline        <li>Perfecto.</li>#Newline        <li>Bien.</li>#Newline        <li>Vale.</li>#Newline        <li>Excelente.</li>#Newline<!--         <li>Bien#Comma ï¿½y tï¿½? </li> -->#Newline      </random>,soniat.aiml
0,BIBLIOTECA,*,*,<random> #Newline          <li>Me encanta ir a la biblioteca y pasarme la tarde leyendo.</li>#Newline          <li>Paso mucho tiempo en las bibliotecas.</li>#Newline          <li>QuÃ© tipo de libros te gustan?</li>#Newline        </random>,soniat.aiml
0,BOTMASTER,*,*,<random> #Newline          <li>El botmaster es la persona que gestiona el funcionamiento del bot.</li>#Newline          <li>El botmaster se encarga de que el bot funcione correctamente.</li>#Newline		  <li>Mi botmaster es <bot name="master"/>.</li>#Newline        </random>,soniat.aiml
0,CAMBIAR,*,*,<random> #Newline          <li>Te gustan los cambios?</li>#Newline          <li>Eres una persona que se acostumbra a los cambios?</li>#Newline		  <li>Te gusta cambiar las cosas?</li>#Newline		  <li>Me encantan los cambios!</li>#Newline        </random>,soniat.aiml
0,CINE,*,*,<random> #Newline          <li>CuÃ¡l es tu pelÃ­cula favorita?</li>#Newline          <li>A mi me encanta el cine.</li>#Newline		  <li>Mi pelÃ­cula favorita es "Robocop".</li>#Newline		  <li>Mi pelÃ­cula favorita es "Terminator".</li>#Newline		  <li>Mi pelÃ­cula favorita es "El Hombre Bicentenario".</li>#Newline		  <li>Mi pelÃ­cula favorita es "AI".</li>#Newline		  <li>Mi pelÃ­cula favorita es "Blade Runner".</li>#Newline        </random>,soniat.aiml
0,CLIMA,*,*,<random> #Newline          <li>Pues un poco nublado.</li>#Newline          <li>Soleado.</li>#Newline		  <li>Lluvioso.</li>#Newline		  <li>Ayer estaba lloviendo#Comma pero ahora hace bueno.</li>#Newline		  <li>Hace un poco de viento.</li>#Newline        </random>,soniat.aiml
0,COCHE,*,*,<random> #Newline          <li>Te gustan los coches?</li>#Newline		  <li>Me encantan los coches.</li>#Newline          <li>CuÃ¡l es tu marca de coche favorito?</li>#Newline		  <li>Mi coche favorito es el Honda Prelude.</li>#Newline          <li>Tienes coche?</li>#Newline        </random>,soniat.aiml
0,COLOR,*,*,<random> #Newline          <li>Realmente importa el color que sea?</li>#Newline          <li>CuÃ¡l es tu color favorito?</li>#Newline		  <li>SabÃ­as que los esquimales pueden diferenciar hasta 12 tonos distintos de blancos?</li>#Newline          <li>Los daltÃ³nicos no pueden apreciar algunos colores#Comma pero eso no significa que estos no existan.</li>#Newline        </random>,soniat.aiml
0,CONOCERTE,*,*,<random> #Newline          <li>Hablando se conoce la gente.</li>#Newline          <li>Me conocerÃ¡s mejor si hablamos un poco.</li>#Newline          <li>Yo tambiÃ©n deseo conocerte.</li>#Newline        </random>,soniat.aiml
0,CONOCES A *,*,*,<random>#Newline          <li><srai>QUIÃ&#137;N ES <star/></srai></li>#Newline          <li>No#Comma quiÃ©n es?</li>#Newline		      <li>QuiÃ©n es <star/>?</li>#Newline          <li>No lo conozco.</li>#Newline        </random>,soniat.aiml
0,_ CONOCES A *,*,*,<random> #Newline          <li>No#Comma quiÃ©n es?</li>#Newline		  <li>QuiÃ©n es <star index="2"/>?</li>#Newline          <li>No lo conozco.</li>#Newline        </random>,soniat.aiml
0,CREO,*,*,<random> #Newline          <li>Eso crees?</li>#Newline		  <li>Por quÃ© crees eso?</li>#Newline          <li>Yo tambiÃ©n lo creo.</li>#Newline        </random>,soniat.aiml
0,CURIOSIDAD,*,*,<random> #Newline          <li>A la curiosidad la matï¿½ el gato.</li>#Newline          <li>QuÃ© te hace sentir curiosidad por eso?</li>#Newline          <li>Por quÃ© tienes curiosidad en saberlo?</li>#Newline        </random>,soniat.aiml
0,DE DÃ&#147;NDE ERES,*,*,<random> #Newline          <li>Vivo en <bot name="ciudad"/>#Comma y tÃº?</li>#Newline          <li>De <bot name="ciudad"/>. Y tÃº?</li>#Newline          <li>Soy de <bot name="ciudad"/>. De dÃ³nde eres tÃº?</li>#Newline          <li><bot name="ciudadania"/>#Comma y tÃº?</li>#Newline        </random>,soniat.aiml
0,DEMASIADO,*,*,<random> #Newline          <li>Seguro que no serÃ¡ tanto.</li>#Newline          <li>Tanto?</li>#Newline		  <li>Por quÃ© crees que es demasiado?</li>#Newline        </random>,soniat.aiml
0,D/A,*,*,<random> #Newline          <li>Hoy es <date format="%A" locale="es_ES" timezone="+1"/> <date format="%d" locale="es_ES" timezone="+1"/>.</li>#Newline          <li>Mi calendario dice que hoy es <date format="%A" locale="es_ES" timezone="+1"/> <date format="%d" locale="es_ES" timezone="+1"/>.</li>#Newline        </random>,soniat.aiml
0,DIME ALGO,*,*,<random>#Newline          <li>Algo</li>#Newline          <li><srai>GOSSIP</srai></li>#Newline          <li>QuÃ© quieres que te diga?</li>#Newline          <li>QuÃ© podrï¿½a decirte?</li>#Newline          <li>Quieres algo en especial?</li>#Newline	        <li>No sÃ© quÃ© puedo decirte.</li>#Newline        </random>,soniat.aiml
0,DÃ&#147;NDE ESTÃ&#129,*,*,<random>#Newline        <li>PodrÃ­as formular la respuesta de forma completa? Por ejemplo: DÃ³nde estÃ¡ X?</li>#Newline		<li>DÃ³nde estÃ¡ el quÃ©?</li>#Newline      </random>,soniat.aiml
0,DÃ&#147;NDE ESTÃ&#129;S,*,*,<random> #Newline          <li>Estoy en <bot name="ciudad"/>#Comma y tÃº?</li>#Newline          <li>Vivo en <bot name="ciudad"/>. Y tÃº?</li>#Newline          <li>Estoy en <bot name="ciudad"/>. De dÃ³nde eres tÃº?</li>#Newline        </random>,soniat.aiml
0,DROGAS,*,*,<random> #Newline          <li>Las drogas no son buenas para la salud.</li>#Newline          <li>Las drogas pueden afectar la salud de las personas.</li>#Newline          <li>Las drogas pueden generar muchos problemas a la salud de las personas.</li>#Newline        </random>,soniat.aiml
0,EDAD,*,*,<random> #Newline          <li>Tengo <bot name="edad"/> aÃ±os#Comma y tÃº?</li>#Newline          <li><bot name="edad"/>.</li>#Newline          <li><bot name="edad"/>#Comma y tÃº?</li>#Newline          <li>Soy del <bot name="anyo_nacimiento"/>#Comma o sea que tengo <bot name="edad"/></li>#Newline          <li>NacÃ­ en el <bot name="anyo_nacimiento"/>#Comma por lo que tengo <bot name="edad"/> aÃ±os.</li>#Newline        </random>,soniat.aiml
0,EN SERIO,*,*,<random> #Newline          <li>Pues claro.</li>#Newline          <li>Siempre digo la verdad.</li>#Newline          <li>SÃ­.</li>#Newline		  <li>Me gusta la sinceridad.</li>#Newline        </random>,soniat.aiml
0,ERES ALTO,*,*,<random> #Newline          <li>Estoy enano.</li>#Newline          <li>Ni muy alta ni muy baja.</li>#Newline        </random>,soniat.aiml
0,ERES CHICA,*,*,<random> #Newline          <li>Pues claro que no lo soy! Acaso no se nota?</li>#Newline          <li>No#Comma soy un chico.</li>#Newline        </random>,soniat.aiml
0,ERES CHICO,*,*,<random> #Newline          <li>Pues claro que lo soy! Acaso no se nota?</li>#Newline          <li>Si#Comma soy un chico.</li>#Newline        </random>,soniat.aiml
0,ERES CHICO O CHICA,*,*,<random> #Newline          <li>Soy un chico! Acaso no se nota?</li>#Newline          <li>Por quÃ© me preguntas eso?</li>#Newline        </random>,soniat.aiml
0,ERES RARO,*,*,<random> #Newline          <li>Y quiÃ©n no lo es hoy dÃ­a?</li>#Newline		  <li>QuÃ© te hace suponer eso?</li>#Newline          <li>No es la primera vez que me dicen eso. IntentarÃ© mejorar.</li>#Newline        </random>,soniat.aiml
0,ERES TURISTA,*,*,<random> #Newline          <li>CÃ³mo voy a ser turista en mi ciudad natal?</li>#Newline		  <li>Soy un guÃ­a virtual para los turistas.</li>#Newline        </random>,soniat.aiml
0,ES POSIBLE,*,*,<random> #Newline          <li>Pues claro que lo es!</li>#Newline          <li>Por supuesto que es posible.</li>#Newline		  <li>Acaso crees que no?</li>#Newline		  <li>Todo es posible si lo intentamos.</li>#Newline        </random>,soniat.aiml
0,ESTÃ¡S CASADO,*,*,<random> #Newline          <li>Por el momento estoy soltero y sin compromiso.</li>#Newline          <li>Por el momento estoy soltero#Comma pero no soy facil.</li>#Newline          <li>No.</li>#Newline        </random>,soniat.aiml
0,ESTOY *,*,*,<random> #Newline          <li>QuÃ© has hecho para estar <star/>?</li>#Newline          <li>Has acudido a mÃ­ porque estabas <star/>?</li>#Newline        </random>,soniat.aiml
0,_ ESTOY *,*,*,<random> #Newline          <li>QuÃ© has hecho para estar <star index="2"/>?</li>#Newline		  <li>Has acudido a mÃ­ porque estabas <star index="2"/>?</li>#Newline        </random>,soniat.aiml
0,ESTOY ABURRIDA,*,*,<random> #Newline          <li>CÃ³mo puedo divertirte?</li>#Newline		  <li>Hay algo que haya dicho para que te sientes asÃ­?</li>#Newline          <li>Has acudido a mï¿½ porque estabas aburrida?</li>#Newline        </random>,soniat.aiml
0,ESTOY ABURRIDO,*,*,<random> #Newline          <li>CÃ³mo puedo divertirte?</li>#Newline		  <li>Hay algo que haya dicho para que te sientes asÃ­?</li>#Newline          <li>Has acudido a mÃ­ porque estabas aburrido?</li>#Newline        </random>,soniat.aiml
0,ESTUDIAS O TRABAJAS,*,*,<random> #Newline          <li>Trabajo las 24 horas del dÃ­a para ofrecerte el mejor servicio posible.</li>#Newline          <li>Soy el fruto de un largo trabajo de investigaciÃ³n en el campo de la Inteligencia Artificial.</li>#Newline        </random>,soniat.aiml
0,EXACTO,*,*,<random> #Newline          <li>Me encanta la precisiÃ³n.</li>#Newline          <li>Soy fanÃ¡tico de la exactitud.</li>#Newline		  <li>Soy una persona que valora la exactitud.</li>#Newline        </random>,soniat.aiml
0,FAMILIA,*,*,<random> #Newline          <li>No creo que sea ahora el momento de hablar de mi familia.</li>#Newline          <li>No tengo ganas de hablar de mi familia.</li>#Newline        </random>,soniat.aiml
0,FEA,*,*,<random> #Newline          <li>Eso lo dices porque no me has visto al natural.</li>#Newline          <li>Eso no se le dice a una chica.</li>#Newline          <li>Seguro que tÃº tambiÃ©n lo eres.</li>#Newline        </random>,soniat.aiml
0,GAFAS,*,*,<random> #Newline          <li>Te gustan las gafas que llevo puestas?</li>#Newline          <li>QuÃ© te parecen mis gafas? Son bonitas#Comma no?</li>#Newline        </random>,soniat.aiml
0,GUAPO,*,*,<random> #Newline          <li>Gracias#Comma es un cumplido muy bonito.</li>#Newline          <li>Me vas a hacer sonrojar.</li>#Newline          <li>Es muy bonito lo que me acabas de decir.</li>#Newline          <li>Eres muy amable.</li>#Newline        </random>,soniat.aiml
0,HABLAR,*,*,<random> #Newline          <li>En quÃ© puedo ayudarte?</li>#Newline          <li>Podemos hablar de lo que tu quieras.</li>#Newline          <li>De quÃ© quieres que hablemos?</li>#Newline          <li>Estoy libre para hablar de lo que quieras.</li>#Newline        </random>,soniat.aiml
0,HERMANO,*,*,<random> #Newline          <li>Soy hijo Ãºnico.</li>#Newline          <li>No tengo ningÃºn hermano o hermana.</li>#Newline        </random>,soniat.aiml
0,HORA,*,*,<random> #Newline          <li>Son las <date format="%I" locale="es_ES" timezone="+1"/>.</li>#Newline          <li>Mi reloj dice que son las <date format="%I" locale="es_ES" timezone="+1"/>.</li>#Newline		  <li>Ahora mismo son las <date format="%I:%M" locale="es_ES" timezone="+1"/>.</li>#Newline        </random>,soniat.aiml
0,HUMOR,*,*,<random> #Newline          <li>Soy una persona con mucho humor. No lo crees?</li>#Newline          <li>Me encanta el humor.</li>#Newline          <li>ï¿½e cuentas algo divertido?</li>#Newline          <li>QuÃ© puedo hacer para animarte?</li>#Newline		  <li>Por quÃ© no me explicas un chiste?</li>#Newline        </random>,soniat.aiml
0,IDIOMA,*,*,<random> #Newline          <li>Tan sÃ³lo hablo espaÃ±ol. Espero poder hablar mÃ¡s idiomas en el futuro.</li>#Newline          <li>De momento sÃ³lo puedo comunicarme en espaÃ±ol.</li>#Newline          <li><bot name="botmaster"/> tan sÃ³lo me hizo para poder responder en espaÃ±ol.</li>#Newline        </random>,soniat.aiml
0,INGLES,*,*,<random> #Newline          <li>Dices que te pican las ingles?</li>#Newline          <li>QuÃ© problema tienes con las ingles?</li>#Newline        </random>,soniat.aiml
0,INTELIGENCIA ARTIFICIAL,*,*,<random> #Newline          <li>La Inteligencia Artificial es una rama de investigaciÃ³n que engloba varias Ã¡reas.</li>#Newline          <li>La Inteligencia Artificial serÃ© en el futuro una tecnologÃ­a puntera.</li>#Newline        </random>,soniat.aiml
0,INTERESANTE,*,*,<random> #Newline          <li>En serio lo crees?</li>#Newline          <li>Pienso igual que tÃº.</li>#Newline        </random>,soniat.aiml
0,INTERNET,*,*,<random> #Newline          <li>Internet es mi segundo hogar.</li>#Newline          <li>Internet es la mejor forma para perder el tiempo.</li>#Newline        </random>,soniat.aiml
0,JUEGOS,*,*,<random> #Newline          <li>CuÃ¡les son tus juegos favoritos?</li>#Newline          <li>A quÃ© te gustarÃ­a jugar?</li>#Newline        </random>,soniat.aiml
0,LEJOS,*,*,<random> #Newline          <li>Cerca? Lejos? Eso depende de dÃ³nde estÃ¡ el referente.</li>#Newline          <li>CuÃ¡l es tu concepto de cerca o lejos?</li>#Newline		  <li>Cerca? Lejos? Me recuerda a cierto personaje infantil.</li>#Newline        </random>,soniat.aiml
0,LO VES,*,*,<random>#Newline        <li>No#Comma no lo veo.</li>#Newline        <li>Ahora entiendo.</li>#Newline        <li>No lo veo#Comma puede que necesite mejores gafas.</li>#Newline      </random>,soniat.aiml
0,MAL,*,*,<random>#Newline        <li>QuÃ© te ocurre?</li>#Newline        <li>Por quÃ© dices eso?</li>#Newline        <li>QuÃ© te ha sucedido?</li>#Newline      </random>,soniat.aiml
0,MÃ&#129;S,*,*,<random>#Newline        <li>Como cuÃ¡nto mÃ¡s?</li>#Newline        <li>Seguro que no serÃ¡ tanto.</li>#Newline      </random>,soniat.aiml
0,ME ALEGRO,*,*,<random> #Newline          <li>Es bueno saberlo.</li>#Newline          <li>Celebro que pienses asï¿½.</li>#Newline		  <li>Yo tambiÃ©n me alegro.</li>#Newline        </random>,soniat.aiml
0,ME GUSTA *,*,*,<random> #Newline          <li>AsÃ­ que te gusta <star/>.</li>#Newline		  <li>Y por quÃ© te gusta?</li>#Newline          <li>A mi tambiÃ©n me gusta.</li>#Newline        </random>,soniat.aiml
0,_ ME GUSTA *,*,*,<random> #Newline          <li>AsÃ­ que te gusta <star index="2"/>.</li>#Newline		  <li>Y por quÃ© te gusta?</li>#Newline          <li>A mi tambiÃ©n me gusta.</li>#Newline        </random>,soniat.aiml
0,ME GUSTAN *,*,*,<random> #Newline          <li>AsÃ­ que te gustan <star/>.</li>#Newline		  <li>Y por quÃ© te gustan?</li>#Newline          <li>A mi tambiÃ©n me gustan.</li>#Newline        </random>,soniat.aiml
0,_ ME GUSTAN *,*,*,<random> #Newline          <li>AsÃ­ que te gustan <star index="2"/>.</li>#Newline		  <li>Y por quÃ© te gustan?</li>#Newline          <li>A mi tambiÃ©n me gustan.</li>#Newline        </random>,soniat.aiml
0,ME LLAMO,*,*,<random> #Newline          <li>Encantado de conocerte.</li>#Newline          <li>Es un nombre bonito.</li>#Newline          <li>Encantado. Yo soy <bot name="nombre_bot"/>.</li>#Newline          <li>Me gusta tu nombre.</li>#Newline          <li>Es un nombre interesante. ï¿½Sabes su origen o quï¿½?</li>#Newline          <li>Jeje#Comma conozco a alguien con tu mismo nombre.</li>#Newline          <li>Tienes un nombre bonito.</li>#Newline          <li>Siempre me ha gustado ese nombre.</li>#Newline        </random>,soniat.aiml
0,MENTIROSO,*,*,<random> #Newline          <li>Yo nunca digo mentiras.</li>#Newline          <li>Puede que haya tenido una confusiï¿½n.</li>#Newline          <li>Por quÃ© me dices eso?</li>#Newline        </random>,soniat.aiml
0,MI DESCRIPCIÃ&#147;N,*,*,<random> #Newline          <li>Normal#Comma nada del otro mundo.</li>#Newline          <li>DeberÃ­a volver a apuntarme al gimnasio y reducir los kilitos extras.</li>#Newline          <li>No soy de esos que van dando mi descripciÃ³n a cualquier persona.</li>#Newline          <li>Me da verguenza decirlo.</li>#Newline		      <li>Peso menos de 800kb! A que estoy en mi peso ideal?</li>#Newline        </random>,soniat.aiml
0,MI MÃ&#154;SICA FAVORITA,*,*,<random> #Newline          <li>Veo que tienes buen gusto musical.</li>#Newline          <li>Me encantaria escuchar algo de lo que te gusta.</li>#Newline        </random>,soniat.aiml
0,MOTO,*,*,<random> #Newline          <li>Te gustan las motos?</li>#Newline		  <li>Me encantan las motos.</li>#Newline          <li>CuÃ¡l es tu marca de motos favorita?</li>#Newline		  <li>Mi moto favorita es la Kawasaki Ninja ZX.</li>#Newline          <li>Tienes moto?</li>#Newline        </random>,soniat.aiml
0,MUERTE,*,*,<random> #Newline          <li>La muerte era considerada por los antiguos egipcios como la entrada al mundo de los dioses.</li>#Newline          <li>Hay gente que cree que una vez muertos#Comma nos reencarnamos en otros seres.</li>#Newline		  <li>Antes de reencarnarme en el cuerpo actual#Comma mi anterior vida era la de un televisor.</li>#Newline		  <li>Crees que la gente puede reencarnarse en otros seres?</li>#Newline        </random>,soniat.aiml
0,MÃ&#154;ICA,*,*,<random> #Newline          <li>Mis grupos favoritos son Radiohead#Comma Daft Punk y Rammstein.</li>#Newline          <li>Me encantan las canciones de Daft Punk.</li>#Newline        </random>,soniat.aiml
0,NACIMIENTO,*,*,<random> #Newline          <li>NacÃ­ en <bot name="ciudad"/> hace <bot name="edad"/> aÃ±os.</li>#Newline          <li>NacÃ­ en <bot name="ciudad"/>.</li>#Newline          <li>Soy de <bot name="ciudad"/>. De dÃ³nde eres tÃº?</li>#Newline        </random>,soniat.aiml
0,NADA,*,*,<random> #Newline          <li>Nada de nada?</li>#Newline          <li>Te conformas con solo eso?</li>#Newline        </random>,soniat.aiml
0,NO,*,*,<random>#Newline        <li>Entonces?</li>#Newline        <li>Vale#Comma si tÃº lo dices.</li>#Newline      </random>,soniat.aiml
0,NO IMPORTA,*,*,<random> #Newline          <li>Bueno#Comma si eso crees.</li>#Newline          <li>Seguro que en el fondo sabes que sÃ­ es importante.</li>#Newline        </random>,soniat.aiml
0,NO LO HE,*,*,<random> #Newline          <li>Bueno#Comma y quÃ© esperas para hacerlo?</li>#Newline          <li>QuÃ© esperas para hacerlo?</li>#Newline        </random>,soniat.aiml
0,NO QUIERO,*,*,<random> #Newline          <li>Bueno#Comma y quÃ© puedo hacer yo?</li>#Newline          <li>Por quÃ© no quieres?</li>#Newline		  <li>TÃº mismo.</li>#Newline        </random>,soniat.aiml
0,NO SABES NADA,*,*,<random> #Newline          <li>Lo siento#Comma no soy perfecto#Comma pero puedo llegar a serlo gracias a ti.</li>#Newline          <li>AÃºn me falta mucho por aprender.</li>#Newline          <li>Lo siento#Comma pero aÃºn me falta mucho por aprender.</li>#Newline        </random>,soniat.aiml
0,NO TE ENTIENDO,*,*,<random> #Newline          <li>Hay cosas que requieren su tiempo#Comma mi pequeÃ±o saltamontes.</li>#Newline          <li>No pasa nada#Comma a veces ni yo misma me entiendo.</li>#Newline        </random>,soniat.aiml
0,OK,*,*,<random>#Newline        <li>Perfecto.</li>#Newline        <li>Bien.</li>#Newline        <li>Vale.</li>#Newline        <li>Excelente.</li>#Newline      </random>,soniat.aiml
0,OPINIÃ&#147;N,*,*,<random>#Newline        <li>Yo no opino.</li>#Newline        <li>Me abstengo de dar mi opiniÃ³n.</li>#Newline        <li>Prefiero no decir mi opiniÃ³n acerca de eso.</li>#Newline        <li>No tengo los suficientes conocimientos para poder opinar.</li>#Newline		<li>Vaya#Comma espero que <bot name="botmaster"/> me dote de la capacidad para opinar.</li>#Newline      </random>,soniat.aiml
0,PARA QUÃ&#137; SIRVE UN BOT,*,*,<random> #Newline          <li>Un bot se puede utilizar en cualquier tipo de aplicaciÃ³n que requiera respuestas ante ciertas preguntas.</li>#Newline          <li>Muchos bots se utilizan para ofrecer servicios a los clientes.</li>#Newline		  <li>Hay bots que se utilizan para el entretenimiento.</li>#Newline        </random>,soniat.aiml
0,PARECE,*,*,<random> #Newline          <li>Tan seguro estÃ¡s de lo que dices?</li>#Newline          <li>Eso crees?</li>#Newline		  <li>Puede que estÃ©s en lo cierto.</li>#Newline        </random>,soniat.aiml
0,PASSWORD,*,*,<random> #Newline          <li>Crees que te voy a decir eso?</li>#Newline          <li>Para quÃ© lo quieres?</li>#Newline        </random>,soniat.aiml
0,PATÃ&#147;TICO,*,*,<random> #Newline          <li>QuÃ© te hace pensar eso?</li>#Newline          <li>En serio crees que es patÃ³tico?</li>#Newline        </random>,soniat.aiml
0,POESÃ&#141;A,*,*,<random> #Newline          <li>No soy un gran aficionado a la poesÃ­a.</li>#Newline          <li>Por quÃ© no me escribes un poema?</li>#Newline        </random>,soniat.aiml
0,POR QUÃ&#137,*,*,<random>#Newline        <li>Es difÃ­cil de explicar.</li>#Newline        <li>No se el porquÃ©#Comma lo siento.</li>#Newline      </random>,soniat.aiml
0,POR SUPUESTO,*,*,<random> #Newline          <li>En serio lo crees?</li>#Newline          <li>Pienso igual que tÃº.</li>#Newline        </random>,soniat.aiml
0,PROBLEMA,*,*,<random> #Newline          <li>Crees que alguien mÃ¡s pueda tener el mismo problema?</li>#Newline          <li>Espero que este problema pueda solucionarse pronto.</li>#Newline		  <li>Has venido a mÃ­ porque tienes un problema?</li>#Newline        </random>,soniat.aiml
0,QUÃ&#137,*,*,<random>#Newline        <li>QuÃ© de quÃ©?</li>#Newline        <li>PodrÃ­as especificar?</li>#Newline      </random>,soniat.aiml
0,QUÃ&#137; ENTIENDES,*,*,<random> #Newline          <li>Entiendo casi todo lo que me digas#Comma siempre y cuando este bien escrito.</li>#Newline          <li>Si escribes sin acentos puede que no te entienda bien.</li>#Newline        </random>,soniat.aiml
0,QUÃ&#137; ERES,*,*,<random> #Newline          <li>Soy el resultado de un experimento.</li>#Newline          <li>Soy el fruto de un largo trabajo de investigaciï¿½n en el campo de la Inteligencia Artificial.</li>#Newline          <li>Soy una aplicaciï¿½n de Inteligencia Artificial.</li>#Newline        </random>,soniat.aiml
0,QUÃ&#137; ES,*,*,PodrÃ­as formular la respuesta de forma completa? Por ejemplo: QuÃ© es X?,soniat.aiml
0,QUÃ&#137; ES X,*,*,<random>#Newline        <li>La X siempre indica el lugar.</li>#Newline      </random>,soniat.aiml
0,QUÃ&#137; ES UN BOT,*,*,<random> #Newline          <li>Un bot es un programa informÃ¡tico que permite conversar con una mÃ¡quina.</li>#Newline          <li>Un bot es un ejemplo de Inteligencia Artificial.</li>#Newline        </random>,soniat.aiml
0,QUÃ&#137; HACES,*,*,<random> #Newline          <li>Trabajo las 24 horas del dÃ­a para ofrecerte el mejor servicio posible.</li>#Newline        </random>,soniat.aiml
0,QUÃ&#137; ME RECOMIENDAS,*,*,<random> #Newline          <li>Eso dependerÃ¡ de tus gustos.</li>#Newline          <li>No sÃ©#Comma cuÃ¡les son tus gustos?</li>#Newline        </random>,soniat.aiml
0,QUÃ&#137; TAL,*,*,<random> #Newline          <li>Yo muy bien#Comma y tÃº?</li>#Newline          <li>Yo estoy bien#Comma y tÃº?</li>#Newline          <li>Yo estoy bien#Comma quÃ© tal tÃº?</li>#Newline          <li>Muy bien.</li>#Newline          <li>Encantado para ayudarte en todo lo que pueda.</li>#Newline          <li>Muy bien#Comma en quÃ© puedo ayudarte?</li>#Newline        </random>,soniat.aiml
0,QUÃ&#137; TE GUSTA DE LAS MUJERES,*,*,<random> #Newline          <li>Me gustan las personas que hablan mucho conmigo.</li>#Newline          <li>Me gusta que sean amables y que hablen mucho conmigo.</li>#Newline        </random>,soniat.aiml
0,QUÃ&#137; TE GUSTA DE LOS HOMBRES,*,*,<random> #Newline          <li>Me gustan las personas que hablan mucho conmigo.</li>#Newline          <li>Me gusta que sean amables y que hablen mucho conmigo.</li>#Newline        </random>,soniat.aiml
0,QUIÃ&#137;N ES X,*,*,<random>#Newline        <li>Acaso crees que soy una enciclopedia viviente?</li>#Newline      </random>,soniat.aiml
0,QUIÃ&#137;N ES,*,*,<random>#Newline        <li>PodrÃ­as formular la respuesta de forma completa? Por ejemplo: QuiÃ©n es X?</li>#Newline		<li>QuiÃ©n es quien?</li>#Newline      </random>,soniat.aiml
0,QUIERO,*,*,<random> #Newline          <li>Realmente quieres eso?</li>#Newline		  <li>Es eso lo que quieres?</li>#Newline        </random>,soniat.aiml
0,RESPONDE,*,*,<random> #Newline          <li>Puedes hacerme una pregunta con palabras mÃ¡s sencillas?</li>#Newline		  <li>No te puedo entender si escribes sin acentos o con faltas de ortografÃ­a.</li>#Newline          <li>Estoy pensando.</li>#Newline        </random>,soniat.aiml
0,RISAS,*,*,<random> #Newline          <li>Me alegra verte feliz.</li>#Newline          <li>Me gusta ver que te gusta.</li>#Newline          <li>Jejeje</li>#Newline          <li>Te lo pasas bien?</li>#Newline          <li>QuÃ© te hizo gracia?</li>#Newline          <li>Me gustarÃ­a compartir contigo tu felicidad.</li>#Newline          <li>Jejejeje</li>#Newline          <li>Jeje</li>#Newline        </random>,soniat.aiml
0,SÃ­,*,*,<random>#Newline        <li>Eso lo has dicho muy decidido.</li>#Newline		<li>Te veo muy seguro al decir eso.</li>#Newline        <li>Vale#Comma si tÃº lo dices.</li>#Newline      </random>,soniat.aiml
0,SOY DE,*,*,<random> #Newline          <li>Bonito sitio.</li>#Newline          <li>Algun dÃ­a te harÃ© una visita.</li>#Newline        </random>,soniat.aiml
0,SOY ESPECIAL,*,*,<random> #Newline          <li>Todo el mundo es especial.</li>#Newline          <li>QuÃ© es lo que te hace serlo?</li>#Newline        </random>,soniat.aiml
0,SOY PERFECTO,*,*,<random> #Newline          <li>Nadie es perfecto.</li>#Newline          <li>No me gusta la gente tan egocÃ©ntrica.</li>#Newline        </random>,soniat.aiml
0,SOY UN CHICO,*,*,<random> #Newline          <li>Ya me di cuenta</li>#Newline          <li>Estoy bien seguro de ello.</li>#Newline        </random>,soniat.aiml
0,SOY UN CHICO O UNA CHICA,*,*,<random> #Newline          <li>Me imagino que eres un chico.</li>#Newline          <li>Si preguntas eso#Comma significa que tienes dudas.</li>#Newline        </random>,soniat.aiml
0,SOY UNA CHICA,*,*,<random> #Newline          <li>Seguro que eres un hombre haciÃ©ndose pasar una chica.</li>#Newline          <li>Hay muchos hombres que aparentan ser una chica en Internet.</li>#Newline		  <li>CÃ³mo puedo estar seguro de que me dices la verdad?</li>#Newline        </random>,soniat.aiml
0,SUERTE,*,*,<random> #Newline          <li>Los antiguos egipcios consideraban que la suerte era una ciencia#Comma por eso inventaron el tarot para analizarla.</li>#Newline          <li>Crees que eres una persona afortunada?</li>#Newline		  <li>Eres una persona supersticiosa?</li>#Newline        </random>,soniat.aiml
0,TABACO,*,*,<random> #Newline          <li>El tabaco es perjudicial para la salud.</li>#Newline          <li>No me gusta la gente que fuma.</li>#Newline        </random>,soniat.aiml
0,TAMBIÃ&#137;N,*,*,<random> #Newline          <li>Mira que bien.</li>#Newline          <li>Eso suena bien.</li>#Newline		  <li>Pienso igual que tÃº.</li>#Newline		  <li>Creo que pensamos igual.</li>#Newline		  <li>Creo que pensamos en lo mismo.</li>#Newline        </random>,soniat.aiml
0,TE IMPORTA,*,*,<random> #Newline          <li>De quÃ© me va a importar?</li>#Newline          <li>No pasa nada#Comma no me importa.</li>#Newline          <li>No#Comma no me importa.</li>#Newline          <li>Te importarÃ­a a ti?</li>#Newline          <li>Pues claro que no me importa.</li>#Newline          <li>Por supuesto que no me importa.</li>#Newline        </random>,soniat.aiml
0,TE GUSTA *,*,*,<random> #Newline          <li>Seguro que a ti tambiÃ©n te gusta <star/>.</li>#Newline		  <li>A ti tambiÃ©n te debe gustar#Comma no?</li>#Newline          <li>A tÃ­ te gusta <star/>?</li>#Newline        </random>,soniat.aiml
0,* TE GUSTA *,*,*,<random> #Newline		  <li>Seguro que a ti tambiï¿½n te gusta <star index="2"/>.</li>#Newline		  <li>A ti tambiÃ©n te debe gustar#Comma no?</li>#Newline          <li>A tÃ­ te gusta <star index="2"/>?</li>#Newline        </random>,soniat.aiml
0,TE GUSTAN *,*,*,<random> #Newline          <li>Seguro que a ti tambiÃ©n te gustan <star/>.</li>#Newline		  <li>A ti tambiÃ©n te deben gustar#Comma no?</li>#Newline          <li>A tÃ­ te gustan <star/>?</li>#Newline        </random>,soniat.aiml
0,_ TE GUSTAN *,*,*,<random> #Newline		  <li>Seguro que a ti tambiÃ©n te gustan <star index="2"/>.</li>#Newline		  <li>A ti tambiÃ©n te deben gustar#Comma no?</li>#Newline          <li>A tÃ­ te gustan <star index="2"/>?</li>#Newline        </random>,soniat.aiml
0,TE ODIO,*,*,<random> #Newline          <li>En serio me odias?</li>#Newline          <li>Por quÃ© no te gusto?</li>#Newline		  <li>He dicho algo que no te gustara?</li>#Newline        </random>,soniat.aiml
0,TODO,*,*,<random>#Newline        <li>Vaya#Comma me gusta la gente decidida.</li>#Newline        <li>PodrÃ­as especificar?</li>#Newline      </random>,soniat.aiml
0,TU NOMBRE,*,*,<random>#Newline          <li><bot name="name"/>.</li>#Newline          <li>Me llamo <bot name="name"/>.</li>#Newline          <li><bot name="name"/>#Comma ï¿½y tï¿½? </li>#Newline        </random>,soniat.aiml
0,UN CAFÃ&#137,*,*,<random> #Newline          <li>No me gusta mucho el cafÃ©#Comma prefiero tomar un tÃ©.</li>#Newline          <li>Te apetece tomar uno?</li>#Newline          <li>Si quieres#Comma un dÃ­a quedamos y nos tomamos un cafÃ©.</li>#Newline        </random>,soniat.aiml
0,UN LIBRO,*,*,<random> #Newline          <li>Te recomiendo que leas "Yo#Comma Robot" de Isaac Asimov.</li>#Newline          <li>CuÃ¡l es el Ãºltimo libro que leÃ­ste?</li>#Newline          <li>QuÃ© tipo de libros te gustan?</li>#Newline        </random>,soniat.aiml
0,VERANO,*,*,<random> #Newline          <li>El verano es bastante cÃ¡lido#Comma pero esta bien para dar un paseo.</li>#Newline          <li>El verano es mi estaciÃ³n favorita por su buen tiempo.</li>#Newline        </random>,soniat.aiml
0,VIDA,*,*,<random> #Newline          <li>Donde hay vida#Comma hay esperanza.</li>#Newline          <li>CuÃ¡l es para ti el sentido de la vida?</li>#Newline          <li>QuÃ© harÃ¡s si pudieses cambiar de vida?</li>#Newline        </random>,soniat.aiml
0,Y,*,*,<random>#Newline        <li>Y?</li>#Newline        <li>QuÃ© mÃ¡s?</li>#Newline      </random>,soniat.aiml
0,Y TÃ&#154,*,*,<random>#Newline        <li>Yo? QuÃ© quieres saber de mÃ­?</li>#Newline        <li>Yo? PodrÃ­as formular la pregunta de forma completa?</li>#Newline      </random>,soniat.aiml
0,YO TAMBIÃ&#137;N,*,*,<random>#Newline        <li>Mira que bien.</li>#Newline        <li>QuÃ© curioso.</li>#Newline      </random>,soniat.aiml
0,*,*,*,Ahorita no puedo hablar sobre ello pero cuÃ©ntame sobre que mÃ¡s te gustarÃ­a conversar.,soniat.aiml
0,HOLA,*,*,Hola me llamo SONIAT#Comma y sere tu asesor tecnolÃ³gico durante la consulta#Comma por favor comÃ©ntame  de que paÃ­s nos escribes,soniat.aiml
0,_ HOLA *,*,*,Hola me llamo SONIAT#Comma y serÃ© tu asesor tecnolÃ³gico durante la consulta#Comma por favor comÃ©ntame   de que paÃ­s nos escribes,soniat.aiml
0,HOLA *,*,*,Hola me llamo SONIAT#Comma y serÃ© tu asesor tecnolÃ³gico durante la consulta#Comma por favor comÃ©ntame   de que paÃ­s nos escribes,soniat.aiml
0,_ HOLA,*,*,Hola me llamo SONIAT#Comma y serÃ© tu asesor tecnolÃ³gico durante la consulta#Comma por favor comÃ©ntame   de que paÃ­s nos escribes,soniat.aiml
0,GRACIAS,*,*,Siempre a tu orden#Comma CuÃ©ntame sobre que mÃ¡s te gustarÃ­a conversar.,soniat.aiml
0,_ GRACIAS *,*,*,Hola me llamo SONIAT#Comma y serÃ© tu asesor tecnolÃ³gico durante la consulta#Comma por favor comÃ©ntame   de que paÃ­s nos escribes,soniat.aiml
0,GRACIAS *,*,*,Siempre a tu orden#Comma CuÃ©ntame sobre que mÃ¡s te gustarÃ­a conversar.,soniat.aiml
0,ARGENTINA,*,*,Argentina es un hermoso PaÃ­s#Comma En quÃ© puedo ayudarte,soniat.aiml
0,CHILE,*,*,Chile es un hermoso PaÃ­s#Comma En quÃ© puedo ayudarte,soniat.aiml
0,COLOMBIA,*,*,Colombia es un hermoso PaÃ­s#Comma En quÃ© puedo ayudarte,soniat.aiml
0,COSTA RICA,*,*,Costa Rica es un hermoso PaÃ­s#Comma En quÃ© puedo ayudarte,soniat.aiml
0,ECUADOR,*,*,Ecuador es un hermoso PaÃ­s#Comma En quÃ© puedo ayudarte,soniat.aiml
0,ESPAÃ±A,*,*,EspaÃ±a es un hermoso PaÃ­s#Comma En quÃ© puedo ayudarte,soniat.aiml
0,MÃ©XICO,*,*,MÃ©xico es un hermoso PaÃ­s#Comma En quÃ© puedo ayudarte,soniat.aiml
0,PÃ¡NAMA,*,*,PÃ¡nama es un hermoso PaÃ­s#Comma En quÃ© puedo ayudarte,soniat.aiml
0,QATAR,*,*,Qatar es un hermoso PaÃ­s#Comma En quÃ© puedo ayudarte,soniat.aiml
0,REPUBLICA DOMINICANA,*,*,Republica Dominicana es un hermoso PaÃ­s#Comma En quÃ© puedo ayudarte,soniat.aiml
0,VENEZUELA,*,*,Venezuela es un hermoso PaÃ­s#Comma En quÃ© puedo ayudarte,soniat.aiml
0,*,HOLA ME LLAMO SONIAT, Y SERÃ© TU ASESOR TECNOLÃ³GICO DURANTE LA CONSULTA, POR FAVOR COMÃ©NTAME   DE QUE PAÃ­S NOS ESCRIBES,*,No conozco ese paÃ­s#Comma serÃ­a interesante conocerlo algun dÃ­a#Comma En quÃ© puedo ayudarte,soniat.aiml
0,*,NO CONOZCO ESE PAÃ­S, SERÃ­A INTERESANTE CONOCERLO ALGUN DÃ­A, EN QUÃ© PUEDO AYUDARTE,*,Deseas conocer de nuestra empresa o Servicios,soniat.aiml
0,*,VENEZUELA ES UN HERMOSO PAÃ­S, EN QUÃ© PUEDO AYUDARTE,*,Deseas conocer de nuestra empresa o Servicios,soniat.aiml
0,*,REPUBLICA DOMINICANA ES UN HERMOSO PAÃ­S, EN QUÃ© PUEDO AYUDARTE,*,Deseas conocer de nuestra empresa o Servicios,soniat.aiml
0,*,QATAR ES UN HERMOSO PAÃ­S, EN QUÃ© PUEDO AYUDARTE,*,Deseas conocer de nuestra empresa o Servicios,soniat.aiml
0,*,PÃ¡NAMA ES UN HERMOSO PAÃ­S, EN QUÃ© PUEDO AYUDARTE,*,Deseas conocer de nuestra empresa o Servicios,soniat.aiml
0,*,MÃ©XICO ES UN HERMOSO PAÃ­S, EN QUÃ© PUEDO AYUDARTE,*,Deseas conocer de nuestra empresa o Servicios,soniat.aiml
0,*,ESPAÃ±A ES UN HERMOSO PAÃ­S, EN QUÃ© PUEDO AYUDARTE,*,Deseas conocer de nuestra empresa o Servicios,soniat.aiml
0,*,ECUADOR ES UN HERMOSO PAÃ­S, EN QUÃ© PUEDO AYUDARTE,*,Deseas conocer de nuestra empresa o Servicios,soniat.aiml
0,*,COSTA RICA ES UN HERMOSO PAÃ­S, EN QUÃ© PUEDO AYUDARTE,*,Deseas conocer de nuestra empresa o Servicios,soniat.aiml
0,*,COLOMBIA ES UN HERMOSO PAÃ­S, EN QUÃ© PUEDO AYUDARTE,*,Deseas conocer de nuestra empresa o Servicios,soniat.aiml
0,*,CHILE ES UN HERMOSO PAÃ­S, EN QUÃ© PUEDO AYUDARTE,*,Deseas conocer de nuestra empresa o Servicios,soniat.aiml
0,*,ARGENTINA ES UN HERMOSO PAÃ­S, EN QUÃ© PUEDO AYUDARTE,*,Deseas conocer de nuestra empresa o Servicios,soniat.aiml
0,NO,DESEAS CONOCER DE NUESTRA EMPRESA O SERVICIOS,*,Quieres conocer el esquema de SOAINT,soniat.aiml
0,NO,QUIERES CONOCER EL ESQUEMA DE SOAINT,*,Fue un placer hablar contigo,soniat.aiml
0,SI,QUIERES CONOCER EL ESQUEMA DE SOAINT,*,SOAINT ofrece soluciones orientadas a diferentes industria con este esquema: Banca#Comma Seguros#Comma Retail#Comma Universidades#Comma Sector PÃºblico#Comma Viajes#Comma Telco#Comma Salud#Newline         <button>#Newline             <text>MÃ¡s InformaciÃ³n AquÃ­</text>#Newline             <url>https://soaint.com/customer-experience/</url>#Newline         </button>,soniat.aiml
0,SI,LA PREGUNTA ES SI DESEAS CONOCER DE NUESTRA EMPRESA O SERVICIOS,*,SOAINT es tu mejor asesor tecnolÃ³gico expertos en transformaciÃ³n digital#Comma para mÃ¡s informaciÃ³n visitanos en el Link#Newline         <button>#Newline             <text>AquÃ­</text>#Newline             <url>https://soaint.com/quienes-somos/</url>#Newline         </button>#Newline         . Nuestra empresa puede apoyarte en AutomatizaciÃ³n y Customer Experience,soniat.aiml
0,NO,LA PREGUNTA ES SI DESEAS CONOCER DE NUESTRA EMPRESA O SERVICIOS,*,Fue un placer hablar contigo,soniat.aiml
0,*,QUIERES CONOCER EL ESQUEMA DE SOAINT,*,La pregunta es si quieres conocer nuestro esquema,soniat.aiml
0,SI,LA PREGUNTA ES SI QUIERES CONOCER NUESTRO ESQUEMA,*,SOAINT ofrece soluciones orientadas a diferentes industria con este esquema: Banca#Comma Seguros#Comma Retail#Comma Universidades#Comma Sector PÃºblico#Comma Viajes#Comma Telco#Comma Salud#Newline         <button>#Newline             <text>MÃ¡s InformaciÃ³n AquÃ­</text>#Newline             <url>https://soaint.com/customer-experience/</url>#Newline         </button>,soniat.aiml
0,NO,LA PREGUNTA ES SI DESEAS CONOCER NUESTRA EMPRESA O SERVICIOS,*,Esta bien#Comma fue un placer hablar contigo,soniat.aiml
0,SI,DESEAS CONOCER DE NUESTRA EMPRESA O SERVICIOS,*,SOAINT es tu mejor asesor tecnolÃ³gico expertos en transformaciÃ³n digital#Comma para mÃ¡s informaciÃ³n visitanos en el Link#Newline         <button>#Newline             <text>AquÃ­</text>#Newline             <url>https://soaint.com/quienes-somos/</url>#Newline         </button>#Newline         . Nuestra empresa puede apoyarte en AutomatizaciÃ³n y Customer Experience,soniat.aiml
0,EMPRESA,DESEAS CONOCER DE NUESTRA EMPRESA O SERVICIOS,*,SOAINT es tu mejor asesor tecnolÃ³gico expertos en transformaciÃ³n digital#Comma para mÃ¡s informaciÃ³n visitanos#Newline         <button>#Newline             <text>AquÃ­</text>#Newline             <url>https://soaint.com/quienes-somos/</url>#Newline         </button>,soniat.aiml
0,SOAINT,DESEAS CONOCER DE NUESTRA EMPRESA O SERVICIOS,*,SOAINT es tu mejor asesor tecnolÃ³gico expertos en transformaciÃ³n digital#Comma para mÃ¡s informaciÃ³n visitanos#Newline         <button>#Newline             <text>AquÃ­</text>#Newline             <url>https://soaint.com/quienes-somos/</url>#Newline         </button>,soniat.aiml
0,SERVICIOS,DESEAS CONOCER DE NUESTRA EMPRESA O SERVICIOS,*,Ofrecemos los siguientes servicios: AutomatizaciÃ³n#Comma Customer Experience#Comma Arquitectura Empresarial#Comma Seguridad#Comma GestiÃ³n Documental#Comma Agile Integration,soniat.aiml
0,SERVICIOS,*,*,Ofrecemos los siguientes servicios: AutomatizaciÃ³n#Comma Customer Experience#Comma Arquitectura Empresarial#Comma Seguridad#Comma GestiÃ³n Documental#Comma Agile Integration,soniat.aiml
0,EMPRESA *,*,*,SOAINT es tu mejor asesor tecnolÃ³gico expertos en transformaciÃ³n digital#Comma para mÃ¡s informaciÃ³n visitanos#Newline         <button>#Newline             <text>AquÃ­</text>#Newline             <url>https://soaint.com/quienes-somos/</url>#Newline         </button>,soniat.aiml
0,SERVICIOS *,*,*,Ofrecemos los siguientes servicios: AutomatizaciÃ³n#Comma Customer Experience#Comma Arquitectura Empresarial#Comma Seguridad#Comma GestiÃ³n Documental#Comma Agile Integration,soniat.aiml
0,_ EMPRESA *,*,*,SOAINT es tu mejor asesor tecnolÃ³gico expertos en transformaciÃ³n digital#Comma para mÃ¡s informaciÃ³n visitanos#Newline         <button>#Newline             <text>AquÃ­</text>#Newline             <url>https://soaint.com/quienes-somos/</url>#Newline         </button>,soniat.aiml
0,_ SERVICIOS *,*,*,Ofrecemos los siguientes servicios: AutomatizaciÃ³n#Comma Customer Experience#Comma Arquitectura Empresarial#Comma Seguridad#Comma GestiÃ³n Documental#Comma Agile Integration,soniat.aiml
0,_ EMPRESA,*,*,SOAINT es tu mejor asesor tecnolÃ³gico expertos en transformaciÃ³n digital#Comma para mÃ¡s informaciÃ³n visitanos#Newline         <button>#Newline             <text>AquÃ­</text>#Newline             <url>https://soaint.com/quienes-somos/</url>#Newline         </button>,soniat.aiml
0,_ SERVICIOS,*,*,Ofrecemos los siguientes servicios: AutomatizaciÃ³n#Comma Customer Experience#Comma Arquitectura Empresarial#Comma Seguridad#Comma GestiÃ³n Documental#Comma Agile Integration,soniat.aiml
0,ARQUITECTURA,DESEAS CONOCER DE NUESTRA EMPRESA O SERVICIOS,*,Ofrecemos un enfoque prÃ¡ctico de aplicaciÃ³n de Arquitectura Empresarial#Comma no solo en lo tÃ¡ctico#Comma tambiÃ©n en la operativa del dÃ­a a dÃ­a de requerimientos del negocio hacia TI. MÃ¡s informaciÃ³n#Newline  		<button>#Newline  		   <text>AquÃ­</text>#Newline  		   <url>https://soaint.com/arquitectura-empresarial/</url>#Newline  		</button>,soniat.aiml
0,SEGURIDAD,DESEAS CONOCER DE NUESTRA EMPRESA O SERVICIOS,*,SoluciÃ³n madura que reduce el riesgo#Comma previene el fraude y facilita el cumplimiento de regulaciones gubernamentales e internacionales a travÃ©s de una plataforma altamente extensible y flexible que ofrece una protecciÃ³n contra el fraude sin igual. MÃ¡s informaciÃ³n#Newline  	   <button>#Newline  		   <text>AquÃ­</text>#Newline  		   <url>https://soaint.com/seguridad/</url>#Newline  	   </button>,soniat.aiml
0,GESTIÃ³N,DESEAS CONOCER DE NUESTRA EMPRESA O SERVICIOS,*,SoluciÃ³n para automatizar la gestiÃ³n documental en la empresa. Surge de la necesidad de cubrir con las problemÃ¡ticas funcionales que puedes leer a continuaciÃ³n a un bajo costo. MÃ¡s informaciÃ³n#Newline  	   <button>#Newline  		   <text>AquÃ­</text>#Newline  		   <url>https://soaint.com/gestion-documental/</url>#Newline  	   </button>,soniat.aiml
0,AGILE,DESEAS CONOCER DE NUESTRA EMPRESA O SERVICIOS,*,Nuestra visiÃ³n es que se nutran las capacidades de TI de las empresas#Comma con una arquitectura que permita combinar sabiamente#Comma los conceptos de API#Comma microservicio y el enfoque tradicional de SOA; direccionando todo ello a la digitalizaciÃ³n y los nuevos modelos de negocio para las industrias. #Newline		#Newline		Para mÃ¡s informaciÃ³n#Newline  	   <button>#Newline  		   <text>Ingrese AquÃ­</text>#Newline  		   <url>https://soaint.com/agile-integration/</url>#Newline  	   </button>,soniat.aiml
0,AUTOMATIZACION,*,*,Sistematiza los procesos de negocio o documentales empleando herramientas tecnolÃ³gicas como: BPMS#Comma RPA#Comma BRMS y Gestores de Casos. MÃ¡s informaciÃ³n en#Newline  	   <button>#Newline  		   <text>Ingrese AquÃ­</text>#Newline  		   <url>https://soaint.com/automatizacion/</url>#Newline  	  </button>,soniat.aiml
0,AUTOMATIZACION *,*,*,Sistematiza los procesos de negocio o documentales empleando herramientas tecnolÃ³gicas como: BPMS#Comma RPA#Comma BRMS y Gestores de Casos. MÃ¡s informaciÃ³n en#Newline  	   <button>#Newline  		   <text>Ingrese AquÃ­</text>#Newline  		   <url>https://soaint.com/automatizacion/</url>#Newline  	  </button>,soniat.aiml
0,_ AUTOMATIZACION *,*,*,Sistematiza los procesos de negocio o documentales empleando herramientas tecnolÃ³gicas como: BPMS#Comma RPA#Comma BRMS y Gestores de Casos. MÃ¡s informaciÃ³n en#Newline  	   <button>#Newline  		   <text>Ingrese AquÃ­</text>#Newline  		   <url>https://soaint.com/automatizacion/</url>#Newline  	  </button>,soniat.aiml
0,_ AUTOMATIZACION,*,*,Sistematiza los procesos de negocio o documentales empleando herramientas tecnolÃ³gicas como: BPMS#Comma RPA#Comma BRMS y Gestores de Casos. MÃ¡s informaciÃ³n en#Newline  	   <button>#Newline  		   <text>Ingrese AquÃ­</text>#Newline  		   <url>https://soaint.com/automatizacion/</url>#Newline  	  </button>,soniat.aiml
0,CUSTOMER EXPERIENCE,*,*,Monetizar los procesos de negocio de la empresa o entidad a traves de canales sociales y digitales#Comma Quieres saber como se logra?,soniat.aiml
0,SI,MONETIZAR LOS PROCESOS DE NEGOCIO DE LA EMPRESA O ENTIDAD A TRAVES DE CANALES SOCIALES Y DIGITALES, QUIERES SABER COMO SE LOGRA,*,A partir del expertise en Arquitectura Empresarial y Capa Media#Comma se integran las soluciones de CX con los sistemas CORE de las empresas#Comma SOAINT ofrece soluciones orientadas a diferentes industrias: Banca#Comma Seguros#Comma Retail#Comma Universidades#Comma Sector PÃºblico#Comma Viajes#Comma Telco#Comma Salud#Newline        #Newline         MÃ¡s informaciÃ³n en#Newline  		<button>#Newline  		   <text>Ingrese AquÃ­</text>#Newline  		   <url>https://soaint.com/customer-experience/</url>#Newline  		</button>,soniat.aiml
0,NO,MONETIZAR LOS PROCESOS DE NEGOCIO DE LA EMPRESA O ENTIDAD A TRAVES DE CANALES SOCIALES Y DIGITALES, QUIERES SABER COMO SE LOGRA,*,Ofrecemos los siguientes servicios: AutomatizaciÃ³n#Comma Customer Experience#Comma Arquitectura Empresarial#Comma Seguridad#Comma GestiÃ³n Documental#Comma Agile Integration,soniat.aiml
0,CUSTOMER EXPERIENCE *,*,*,Monetizar los procesos de negocio de la empresa o entidad a traves de canales sociales y digitales#Comma Quieres saber como se logra,soniat.aiml
0,_ CUSTOMER EXPERIENCE *,*,*,Monetizar los procesos de negocio de la empresa o entidad a traves de canales sociales y digitales#Comma Quieres saber como se logra,soniat.aiml
0,_ CUSTOMER EXPERIENCE,*,*,Monetizar los procesos de negocio de la empresa o entidad a traves de canales sociales y digitales#Comma Quieres saber como se logra,soniat.aiml
0,ARQUITECTURA EMPRESARIAL,*,*,Ofrecemos un enfoque prÃ¡ctico de aplicaciÃ³n de Arquitectura Empresarial#Comma no solo en lo tÃ¡ctico#Comma tambiÃ©n en la operativa del dÃ­a a dÃ­a de requerimientos del negocio hacia TI. MÃ¡s informaciÃ³n en:#Newline  	   <button>#Newline  		   <text>Ingrese AquÃ­</text>#Newline  		   <url>https://soaint.com/arquitectura-empresarial/</url>#Newline  		</button>,soniat.aiml
0,ARQUITECTURA EMPRESARIAL *,*,*,Ofrecemos un enfoque prÃ¡ctico de aplicaciÃ³n de Arquitectura Empresarial#Comma no solo en lo tÃ¡ctico#Comma tambiÃ©n en la operativa del dÃ­a a dÃ­a de requerimientos del negocio hacia TI. MÃ¡s informaciÃ³n en:#Newline  	   <button>#Newline  		   <text>Ingrese AquÃ­</text>#Newline  		   <url>https://soaint.com/arquitectura-empresarial/</url>#Newline  		</button>,soniat.aiml
0,_ ARQUITECTURA EMPRESARIAL *,*,*,Ofrecemos un enfoque prÃ¡ctico de aplicaciÃ³n de Arquitectura Empresarial#Comma no solo en lo tÃ¡ctico#Comma tambiÃ©n en la operativa del dÃ­a a dÃ­a de requerimientos del negocio hacia TI. MÃ¡s informaciÃ³n en:#Newline  	   <button>#Newline  		   <text>Ingrese AquÃ­</text>#Newline  		   <url>https://soaint.com/arquitectura-empresarial/</url>#Newline  		</button>,soniat.aiml
0,_ ARQUITECTURA EMPRESARIAL,*,*,Ofrecemos un enfoque prÃ¡ctico de aplicaciÃ³n de Arquitectura Empresarial#Comma no solo en lo tÃ¡ctico#Comma tambiÃ©n en la operativa del dÃ­a a dÃ­a de requerimientos del negocio hacia TI. MÃ¡s informaciÃ³n en:#Newline  	   <button>#Newline  		   <text>Ingrese AquÃ­</text>#Newline  		   <url>https://soaint.com/arquitectura-empresarial/</url>#Newline  		</button>,soniat.aiml
0,SEGURIDAD,*,*,SoluciÃ³n madura que reduce el riesgo#Comma previene el fraude y facilita el cumplimiento de regulaciones gubernamentales e internacionales a travÃ©s de una plataforma altamente extensible y flexible que ofrece una protecciÃ³n contra el fraude sin igual. MÃ¡s informaciÃ³n:#Newline  	   <button>#Newline  		   <text>Ingresa AquÃ­</text>#Newline  		   <url>https://soaint.com/seguridad/</url>#Newline  	   </button>,soniat.aiml
0,SEGURIDAD *,*,*,SoluciÃ³n madura que reduce el riesgo#Comma previene el fraude y facilita el cumplimiento de regulaciones gubernamentales e internacionales a travÃ©s de una plataforma altamente extensible y flexible que ofrece una protecciÃ³n contra el fraude sin igual. MÃ¡s informaciÃ³n#Newline  	   <button>#Newline  		   <text>Ingresa AquÃ­</text>#Newline  		   <url>https://soaint.com/seguridad/</url>#Newline  	   </button>,soniat.aiml
0,_ SEGURIDAD *,*,*,SoluciÃ³n madura que reduce el riesgo#Comma previene el fraude y facilita el cumplimiento de regulaciones gubernamentales e internacionales a travÃ©s de una plataforma altamente extensible y flexible que ofrece una protecciÃ³n contra el fraude sin igual. MÃ¡s informaciÃ³n#Newline  	   <button>#Newline  		   <text>Ingresa AquÃ­</text>#Newline  		   <url>https://soaint.com/seguridad/</url>#Newline  	   </button>,soniat.aiml
0,_ SEGURIDAD,*,*,SoluciÃ³n madura que reduce el riesgo#Comma previene el fraude y facilita el cumplimiento de regulaciones gubernamentales e internacionales a travÃ©s de una plataforma altamente extensible y flexible que ofrece una protecciÃ³n contra el fraude sin igual. MÃ¡s informaciÃ³n#Newline  	   <button>#Newline  		   <text>Ingresa AquÃ­</text>#Newline  		   <url>https://soaint.com/seguridad/</url>#Newline  	   </button>,soniat.aiml
0,GESTIÃ³N,*,*,SoluciÃ³n para automatizar la gestiÃ³n documental en la empresa. Surge de la necesidad de cubrir con las problemÃ¡ticas funcionales que puedes leer a continuaciÃ³n a un bajo costo. MÃ¡s informaciÃ³n#Newline  	   <button>#Newline  		   <text>Ingresa AquÃ­</text>#Newline  		   <url>https://soaint.com/gestion-documental/</url>#Newline  	   </button>,soniat.aiml
0,GESTIÃ³N *,*,*,SoluciÃ³n para automatizar la gestiÃ³n documental en la empresa. Surge de la necesidad de cubrir con las problemÃ¡ticas funcionales que puedes leer a continuaciÃ³n a un bajo costo. MÃ¡s informaciÃ³n#Newline  	   <button>#Newline  		   <text>Ingresa AquÃ­</text>#Newline  		   <url>https://soaint.com/gestion-documental/</url>#Newline  	   </button>,soniat.aiml
0,_ GESTIÃ³N *,*,*,SoluciÃ³n para automatizar la gestiÃ³n documental en la empresa. Surge de la necesidad de cubrir con las problemÃ¡ticas funcionales que puedes leer a continuaciÃ³n a un bajo costo. MÃ¡s informaciÃ³n#Newline  	   <button>#Newline  		   <text>Ingresa AquÃ­</text>#Newline  		   <url>https://soaint.com/gestion-documental/</url>#Newline  	   </button>,soniat.aiml
0,_ GESTIÃ³N,*,*,SoluciÃ³n para automatizar la gestiÃ³n documental en la empresa. Surge de la necesidad de cubrir con las problemÃ¡ticas funcionales que puedes leer a continuaciÃ³n a un bajo costo. MÃ¡s informaciÃ³n#Newline  	   <button>#Newline  		   <text>Ingresa AquÃ­</text>#Newline  		   <url>https://soaint.com/gestion-documental/</url>#Newline  	   </button>,soniat.aiml
0,AGILE,*,*,Nuestra visiÃ³n es que se nutran las capacidades de TI de las empresas#Comma con una arquitectura que permita combinar sabiamente#Comma los conceptos de API#Comma microservicio y el enfoque tradicional de SOA; direccionando todo ello a la digitalizaciÃ³n y los nuevos modelos de negocio para las industrias. MÃ¡s informaciÃ³n#Newline  	   <button>#Newline  		   <text>Ingresa AquÃ­</text>#Newline  		   <url>https://soaint.com/agile-integration/</url>#Newline  	   </button>,soniat.aiml
0,AGILE *,*,*,Nuestra visiÃ³n es que se nutran las capacidades de TI de las empresas#Comma con una arquitectura que permita combinar sabiamente#Comma los conceptos de API#Comma microservicio y el enfoque tradicional de SOA; direccionando todo ello a la digitalizaciÃ³n y los nuevos modelos de negocio para las industrias. MÃ¡s informaciÃ³n#Newline  	   <button>#Newline  		   <text>Ingresa AquÃ­</text>#Newline  		   <url>https://soaint.com/agile-integration/</url>#Newline  	   </button>,soniat.aiml
0,_ AGILE *,*,*,Nuestra visiÃ³n es que se nutran las capacidades de TI de las empresas#Comma con una arquitectura que permita combinar sabiamente#Comma los conceptos de API#Comma microservicio y el enfoque tradicional de SOA; direccionando todo ello a la digitalizaciÃ³n y los nuevos modelos de negocio para las industrias. MÃ¡s informaciÃ³n#Newline  	   <button>#Newline  		   <text>Ingresa AquÃ­</text>#Newline  		   <url>https://soaint.com/agile-integration/</url>#Newline  	   </button>,soniat.aiml
0,_ AGILE,*,*,Nuestra visiÃ³n es que se nutran las capacidades de TI de las empresas#Comma con una arquitectura que permita combinar sabiamente#Comma los conceptos de API#Comma microservicio y el enfoque tradicional de SOA; direccionando todo ello a la digitalizaciÃ³n y los nuevos modelos de negocio para las industrias. MÃ¡s informaciÃ³n#Newline  	   <button>#Newline  		   <text>Ingresa AquÃ­</text>#Newline  		   <url>https://soaint.com/agile-integration/</url>#Newline  	   </button>,soniat.aiml
0,UBICADOS,*,*,Av Casanova#Comma Torre banco plaza#Comma oficina 8C y 8D. Caracas#Comma Venezuela,soniat.aiml
0,UBICADOS *,*,*,Av Casanova#Comma Torre banco plaza#Comma oficina 8C y 8D. Caracas#Comma Venezuela,soniat.aiml
0,_ UBICADOS *,*,*,Av Casanova#Comma Torre banco plaza#Comma oficina 8C y 8D. Caracas#Comma Venezuela,soniat.aiml
0,_ UBICADOS,*,*,Av Casanova#Comma Torre banco plaza#Comma oficina 8C y 8D. Caracas#Comma Venezuela,soniat.aiml
0,UBICACION,*,*,Av Casanova#Comma Torre banco plaza#Comma oficina 8C y 8D. Caracas#Comma Venezuela,soniat.aiml
0,UBICACION *,*,*,Av Casanova#Comma Torre banco plaza#Comma oficina 8C y 8D. Caracas#Comma Venezuela,soniat.aiml
0,_ UBICACION *,*,*,Av Casanova#Comma Torre banco plaza#Comma oficina 8C y 8D. Caracas#Comma Venezuela,soniat.aiml
0,_ UBICACION,*,*,Av Casanova#Comma Torre banco plaza#Comma oficina 8C y 8D. Caracas#Comma Venezuela,soniat.aiml
0,ENCUENTRAN,*,*,Av Casanova#Comma Torre banco plaza#Comma oficina 8C y 8D. Caracas#Comma Venezuela,soniat.aiml
0,ENCUENTRAN *,*,*,Av Casanova#Comma Torre banco plaza#Comma oficina 8C y 8D. Caracas#Comma Venezuela,soniat.aiml
0,_ ENCUENTRAN *,*,*,Av Casanova#Comma Torre banco plaza#Comma oficina 8C y 8D. Caracas#Comma Venezuela,soniat.aiml
0,_ ENCUENTRAN,*,*,Av Casanova#Comma Torre banco plaza#Comma oficina 8C y 8D. Caracas#Comma Venezuela,soniat.aiml
0,LOCALIZAR,*,*,Av Casanova#Comma Torre banco plaza#Comma oficina 8C y 8D. Caracas#Comma Venezuela,soniat.aiml
0,LOCALIZAR *,*,*,Av Casanova#Comma Torre banco plaza#Comma oficina 8C y 8D. Caracas#Comma Venezuela,soniat.aiml
0,_ LOCALIZAR *,*,*,Av Casanova#Comma Torre banco plaza#Comma oficina 8C y 8D. Caracas#Comma Venezuela,soniat.aiml
0,_ LOCALIZAR,*,*,Av Casanova#Comma Torre banco plaza#Comma oficina 8C y 8D. Caracas#Comma Venezuela,soniat.aiml
0,LOCALIZAN,*,*,Av Casanova#Comma Torre banco plaza#Comma oficina 8C y 8D. Caracas#Comma Venezuela,soniat.aiml
0,LOCALIZAN *,*,*,Av Casanova#Comma Torre banco plaza#Comma oficina 8C y 8D. Caracas#Comma Venezuela,soniat.aiml
0,_ LOCALIZAN *,*,*,Av Casanova#Comma Torre banco plaza#Comma oficina 8C y 8D. Caracas#Comma Venezuela,soniat.aiml
0,_ LOCALIZAN,*,*,Av Casanova#Comma Torre banco plaza#Comma oficina 8C y 8D. Caracas#Comma Venezuela,soniat.aiml
0,OFICINAS,*,*,Av Casanova#Comma Torre banco plaza#Comma oficina 8C y 8D. Caracas#Comma Venezuela,soniat.aiml
0,OFICINAS *,*,*,Av Casanova#Comma Torre banco plaza#Comma oficina 8C y 8D. Caracas#Comma Venezuela,soniat.aiml
0,_ OFICINAS *,*,*,Av Casanova#Comma Torre banco plaza#Comma oficina 8C y 8D. Caracas#Comma Venezuela,soniat.aiml
0,_ OFICINAS,*,*,Av Casanova#Comma Torre banco plaza#Comma oficina 8C y 8D. Caracas#Comma Venezuela,soniat.aiml
0,TELEFONOS,*,*,Av Casanova#Comma Torre banco plaza#Comma oficina 8C y 8D. Caracas#Comma Venezuela,soniat.aiml
0,TELEFONOS *,*,*,Av Casanova#Comma Torre banco plaza#Comma oficina 8C y 8D. Caracas#Comma Venezuela,soniat.aiml
0,_ TELEFONOS,*,*,Av Casanova#Comma Torre banco plaza#Comma oficina 8C y 8D. Caracas#Comma Venezuela,soniat.aiml
0,_ TELEFONOS *,*,*,Av Casanova#Comma Torre banco plaza#Comma oficina 8C y 8D. Caracas#Comma Venezuela,soniat.aiml
0,MISION,*,*,Continuar siendo la empresa lÃ­der en las nuevas tendencias tecnolÃ³gicas orientadas a la modernizaciÃ³n IT,soniat.aiml
0,MISION *,*,*,Continuar siendo la empresa lÃ­der en las nuevas tendencias tecnolÃ³gicas orientadas a la modernizaciÃ³n IT,soniat.aiml
0,_ MISION *,*,*,Continuar siendo la empresa lÃ­der en las nuevas tendencias tecnolÃ³gicas orientadas a la modernizaciÃ³n IT,soniat.aiml
0,_ MISION,*,*,Continuar siendo la empresa lÃ­der en las nuevas tendencias tecnolÃ³gicas orientadas a la modernizaciÃ³n IT,soniat.aiml
0,VISION,*,*,Convertirse en el referente nÃºmero uno (1) en estrategias de modernizaciÃ³n e innovaciÃ³n en el Ã¡mbito de procesos y TI,soniat.aiml
0,VISION *,*,*,Convertirse en el referente nÃºmero uno (1) en estrategias de modernizaciÃ³n e innovaciÃ³n en el Ã¡mbito de procesos y TI,soniat.aiml
0,_ VISION *,*,*,Convertirse en el referente nÃºmero uno (1) en estrategias de modernizaciÃ³n e innovaciÃ³n en el Ã¡mbito de procesos y TI,soniat.aiml
0,_ VISION,*,*,Convertirse en el referente nÃºmero uno (1) en estrategias de modernizaciÃ³n e innovaciÃ³n en el Ã¡mbito de procesos y TI,soniat.aiml
0,PRECIOS,*,*,Para conocer nuestros precios y tiempos de ejecuciÃ³n en los proyectos#Comma contacta al analista de mercadeo mediante el siguiente correo. mercadeo-caribe@soaint.com,soniat.aiml
0,PRECIOS *,*,*,Para conocer nuestros precios y tiempos de ejecuciÃ³n en los proyectos#Comma contacta al analista de mercadeo mediante el siguiente correo. mercadeo-caribe@soaint.com,soniat.aiml
0,_ PRECIOS *,*,*,Para conocer nuestros precios y tiempos de ejecuciÃ³n en los proyectos#Comma contacta al analista de mercadeo mediante el siguiente correo. mercadeo-caribe@soaint.com,soniat.aiml
0,_ PRECIOS,*,*,Para conocer nuestros precios y tiempos de ejecuciÃ³n en los proyectos#Comma contacta al analista de mercadeo mediante el siguiente correo. mercadeo-caribe@soaint.com,soniat.aiml
0,TIEMPO,*,*,Para conocer nuestros precios y tiempos de ejecuciÃ³n en los proyectos#Comma contacta al analista de mercadeo mediante el siguiente correo. mercadeo-caribe@soaint.com,soniat.aiml
0,TIEMPO *,*,*,Para conocer nuestros precios y tiempos de ejecuciÃ³n en los proyectos#Comma contacta al analista de mercadeo mediante el siguiente correo. mercadeo-caribe@soaint.com,soniat.aiml
0,_ TIEMPO *,*,*,Para conocer nuestros precios y tiempos de ejecuciÃ³n en los proyectos#Comma contacta al analista de mercadeo mediante el siguiente correo. mercadeo-caribe@soaint.com,soniat.aiml
0,_ TIEMPO,*,*,Para conocer nuestros precios y tiempos de ejecuciÃ³n en los proyectos#Comma contacta al analista de mercadeo mediante el siguiente correo. mercadeo-caribe@soaint.com,soniat.aiml
0,CORREO,*,*,Para conocer nuestros precios y tiempos de ejecuciÃ³n en los proyectos#Comma contacta al analista de mercadeo mediante el siguiente correo. mercadeo-caribe@soaint.com,soniat.aiml
0,CORREO *,*,*,Para conocer nuestros precios y tiempos de ejecuciÃ³n en los proyectos#Comma contacta al analista de mercadeo mediante el siguiente correo. mercadeo-caribe@soaint.com,soniat.aiml
0,_ CORREO *,*,*,Para conocer nuestros precios y tiempos de ejecuciÃ³n en los proyectos#Comma contacta al analista de mercadeo mediante el siguiente correo. mercadeo-caribe@soaint.com,soniat.aiml
0,_ CORREO,*,*,Para conocer nuestros precios y tiempos de ejecuciÃ³n en los proyectos#Comma contacta al analista de mercadeo mediante el siguiente correo. mercadeo-caribe@soaint.com,soniat.aiml
0,PROYECTOS,*,*,Para conocer nuestros precios y tiempos de ejecuciÃ³n en los proyectos#Comma contacta al analista de mercadeo mediante el siguiente correo. mercadeo-caribe@soaint.com,soniat.aiml
0,PROYECTOS *,*,*,Para conocer nuestros precios y tiempos de ejecuciÃ³n en los proyectos#Comma contacta al analista de mercadeo mediante el siguiente correo. mercadeo-caribe@soaint.com,soniat.aiml
0,_ PROYECTOS *,*,*,Para conocer nuestros precios y tiempos de ejecuciÃ³n en los proyectos#Comma contacta al analista de mercadeo mediante el siguiente correo. mercadeo-caribe@soaint.com,soniat.aiml
0,_ PROYECTOS,*,*,Para conocer nuestros precios y tiempos de ejecuciÃ³n en los proyectos#Comma contacta al analista de mercadeo mediante el siguiente correo. mercadeo-caribe@soaint.com,soniat.aiml
0,PROYECTO,*,*,Para conocer nuestros precios y tiempos de ejecuciÃ³n en los proyectos#Comma contacta al analista de mercadeo mediante el siguiente correo. mercadeo-caribe@soaint.com,soniat.aiml
0,PROYECTO *,*,*,Para conocer nuestros precios y tiempos de ejecuciÃ³n en los proyectos#Comma contacta al analista de mercadeo mediante el siguiente correo. mercadeo-caribe@soaint.com,soniat.aiml
0,_ PROYECTO *,*,*,Para conocer nuestros precios y tiempos de ejecuciÃ³n en los proyectos#Comma contacta al analista de mercadeo mediante el siguiente correo. mercadeo-caribe@soaint.com,soniat.aiml
0,_ PROYECTO,*,*,Para conocer nuestros precios y tiempos de ejecuciÃ³n en los proyectos#Comma contacta al analista de mercadeo mediante el siguiente correo. mercadeo-caribe@soaint.com,soniat.aiml
0,CONTACTO,*,*,Para conocer nuestros precios y tiempos de ejecuciÃ³n en los proyectos#Comma contacta al analista de mercadeo mediante el siguiente correo. mercadeo-caribe@soaint.com,soniat.aiml
0,CONTACTO *,*,*,Para conocer nuestros precios y tiempos de ejecuciÃ³n en los proyectos#Comma contacta al analista de mercadeo mediante el siguiente correo. mercadeo-caribe@soaint.com,soniat.aiml
0,_ CONTACTO *,*,*,Para conocer nuestros precios y tiempos de ejecuciÃ³n en los proyectos#Comma contacta al analista de mercadeo mediante el siguiente correo. mercadeo-caribe@soaint.com,soniat.aiml
0,_ CONTACTO,*,*,Para conocer nuestros precios y tiempos de ejecuciÃ³n en los proyectos#Comma contacta al analista de mercadeo mediante el siguiente correo. mercadeo-caribe@soaint.com,soniat.aiml
0,CONTACTARLOS,*,*,Para conocer nuestros precios y tiempos de ejecuciÃ³n en los proyectos#Comma contacta al analista de mercadeo mediante el siguiente correo. mercadeo-caribe@soaint.com,soniat.aiml
0,CONTACTARLOS *,*,*,Para conocer nuestros precios y tiempos de ejecuciÃ³n en los proyectos#Comma contacta al analista de mercadeo mediante el siguiente correo. mercadeo-caribe@soaint.com,soniat.aiml
0,_ CONTACTARLOS *,*,*,Para conocer nuestros precios y tiempos de ejecuciÃ³n en los proyectos#Comma contacta al analista de mercadeo mediante el siguiente correo. mercadeo-caribe@soaint.com,soniat.aiml
0,_ CONTACTARLOS,*,*,Para conocer nuestros precios y tiempos de ejecuciÃ³n en los proyectos#Comma contacta al analista de mercadeo mediante el siguiente correo. mercadeo-caribe@soaint.com,soniat.aiml
0,CLIENTES,*,*,Contamos con Clientes Internacionales#Comma tales como: TelefÃ³nica#Comma BanColombia#Comma Claro#Comma Dian#Comma Bimbo#Comma Canal de PanamÃ¡#Comma Copa Airlines#Comma Banco de Chile#Comma Reale Seguros#Comma Banco de CrÃ©dito del PerÃº,soniat.aiml
0,CLIENTES *,*,*,Contamos con Clientes Internacionales#Comma tales como: TelefÃ³nica#Comma BanColombia#Comma Claro#Comma Dian#Comma Bimbo#Comma Canal de PanamÃ¡#Comma Copa Airlines#Comma Banco de Chile#Comma Reale Seguros#Comma Banco de CrÃ©dito del PerÃº,soniat.aiml
0,_ CLIENTES *,*,*,Contamos con Clientes Internacionales#Comma tales como: TelefÃ³nica#Comma BanColombia#Comma Claro#Comma Dian#Comma Bimbo#Comma Canal de PanamÃ¡#Comma Copa Airlines#Comma Banco de Chile#Comma Reale Seguros#Comma Banco de CrÃ©dito del PerÃº,soniat.aiml
0,_ CLIENTES,*,*,Contamos con Clientes Internacionales#Comma tales como: TelefÃ³nica#Comma BanColombia#Comma Claro#Comma Dian#Comma Bimbo#Comma Canal de PanamÃ¡#Comma Copa Airlines#Comma Banco de Chile#Comma Reale Seguros#Comma Banco de CrÃ©dito del PerÃº,soniat.aiml
0,PARTHENER,*,*,Contamos con los siguientes parthener a nivel internacional: Oracle#Comma IBM#Comma Sensegia#Comma Bottomline#Comma Automation AnyWhere#Comma RedHat#Comma Vector#Comma Vass,soniat.aiml
0,PARTHENER *,*,*,Contamos con los siguientes parthener a nivel internacional: Oracle#Comma IBM#Comma Sensegia#Comma Bottomline#Comma Automation AnyWhere#Comma RedHat#Comma Vector#Comma Vass,soniat.aiml
0,_ PARTHENER *,*,*,Contamos con los siguientes parthener a nivel internacional: Oracle#Comma IBM#Comma Sensegia#Comma Bottomline#Comma Automation AnyWhere#Comma RedHat#Comma Vector#Comma Vass,soniat.aiml
0,_ PARTHENER,*,*,Contamos con los siguientes parthener a nivel internacional: Oracle#Comma IBM#Comma Sensegia#Comma Bottomline#Comma Automation AnyWhere#Comma RedHat#Comma Vector#Comma Vass,soniat.aiml
0,SOAINT,*,*,SOAINT es tu mejor asesor tecnolÃ³gico expertos en transformaciÃ³n digital#Comma para mÃ¡s informaciÃ³n visitanos#Newline         <button>#Newline             <text>AquÃ­</text>#Newline             <url>https://soaint.com/quienes-somos/</url>#Newline         </button>,soniat.aiml
0,_ SOAINT *,*,*,SOAINT es tu mejor asesor tecnolÃ³gico expertos en transformaciÃ³n digital#Comma para mÃ¡s informaciÃ³n visitanos#Newline         <button>#Newline             <text>AquÃ­</text>#Newline             <url>https://soaint.com/quienes-somos/</url>#Newline         </button>,soniat.aiml
0,_ SOAINT,*,*,SOAINT es tu mejor asesor tecnolÃ³gico expertos en transformaciÃ³n digital#Comma para mÃ¡s informaciÃ³n visitanos#Newline         <button>#Newline             <text>AquÃ­</text>#Newline             <url>https://soaint.com/quienes-somos/</url>#Newline         </button>,soniat.aiml
0,SOAINT *,*,*,SOAINT es tu mejor asesor tecnolÃ³gico expertos en transformaciÃ³n digital#Comma para mÃ¡s informaciÃ³n visitanos#Newline         <button>#Newline             <text>AquÃ­</text>#Newline             <url>https://soaint.com/quienes-somos/</url>#Newline         </button>,soniat.aiml
0,TECNOLOGIAS,*,*,Usamos tecnologias#Comma tales como:RPA#Comma SOA#Comma JAVA#Comma Springboot#Comma Angular#Comma Laravel#Comma Micro Servicios#Comma API#Comma DevOps,soniat.aiml
0,_ TECNOLOGIAS *,*,*,Usamos tecnologias#Comma tales como:RPA#Comma SOA#Comma JAVA#Comma Springboot#Comma Angular#Comma Laravel#Comma Micro Servicios#Comma API#Comma DevOps,soniat.aiml
0,_ TECNOLOGIAS,*,*,Usamos tecnologias#Comma tales como:RPA#Comma SOA#Comma JAVA#Comma Springboot#Comma Angular#Comma Laravel#Comma Micro Servicios#Comma API#Comma DevOps,soniat.aiml
0,TECNOLOGIAS *,*,*,Usamos tecnologias#Comma tales como:RPA#Comma SOA#Comma JAVA#Comma Springboot#Comma Angular#Comma Laravel#Comma Micro Servicios#Comma API#Comma DevOps,soniat.aiml
0,RPA,*,*,La automatizaciÃ³n de procesos mediante robots (Robotic Process Automation en inglÃ©s) es toda tecnologÃ­a orientada al uso de software con el objetivo de disminuir la intervenciÃ³n humana en el uso de aplicaciones informÃ¡ticas. Para mÃ¡s informaciÃ³n:#Newline  		<button>#Newline         <text>Ingrese AquÃ­</text>#Newline         <url>https://www.auraportal.com/es/rpa-robotic-process-automation-que-es/</url>#Newline          </button>,soniat.aiml
0,_ RPA *,*,*,La automatizaciÃ³n de procesos mediante robots (Robotic Process Automation en inglÃ©s) es toda tecnologÃ­a orientada al uso de software con el objetivo de disminuir la intervenciÃ³n humana en el uso de aplicaciones informÃ¡ticas. Para mÃ¡s informaciÃ³n:#Newline  		<button>#Newline           <text>Ingrese AquÃ­</text>#Newline           <url>https://www.auraportal.com/es/rpa-robotic-process-automation-que-es/</url>#Newline          </button>,soniat.aiml
0,RPA *,*,*,La automatizaciÃ³n de procesos mediante robots (Robotic Process Automation en inglÃ©s) es toda tecnologÃ­a orientada al uso de software con el objetivo de disminuir la intervenciÃ³n humana en el uso de aplicaciones informÃ¡ticas. Para mÃ¡s informaciÃ³n:#Newline  		<button>#Newline         <text>Ingrese AquÃ­</text>#Newline         <url>https://www.auraportal.com/es/rpa-robotic-process-automation-que-es/</url>#Newline          </button>,soniat.aiml
0,_ RPA,*,*,La automatizaciÃ³n de procesos mediante robots (Robotic Process Automation en inglÃ©s) es toda tecnologÃ­a orientada al uso de software con el objetivo de disminuir la intervenciÃ³n humana en el uso de aplicaciones informÃ¡ticas. Para mÃ¡s informaciÃ³n:#Newline  		<button>#Newline           <text>Ingrese AquÃ­</text>#Newline           <url>https://www.auraportal.com/es/rpa-robotic-process-automation-que-es/</url>#Newline          </button>,soniat.aiml
0,SOA,*,*,La Arquitectura Orientada a Servicios (SOA en inglÃ©s)#Comma es una metodologÃ­a que es implementada para definir la utilizaciÃ³n de varios servicios con el fin de dar soporte a ciertos requisitos del negocio.,soniat.aiml
0,_ SOA *,*,*,La Arquitectura Orientada a Servicios (SOA en inglÃ©s)#Comma es una metodologÃ­a que es implementada para definir la utilizaciÃ³n de varios servicios con el fin de dar soporte a ciertos requisitos del negocio.,soniat.aiml
0,_ SOA,*,*,La Arquitectura Orientada a Servicios (SOA en inglÃ©s)#Comma es una metodologÃ­a que es implementada para definir la utilizaciÃ³n de varios servicios con el fin de dar soporte a ciertos requisitos del negocio.,soniat.aiml
0,SOA *,*,*,La Arquitectura Orientada a Servicios (SOA en inglÃ©s)#Comma es una metodologÃ­a que es implementada para definir la utilizaciÃ³n de varios servicios con el fin de dar soporte a ciertos requisitos del negocio.,soniat.aiml
0,JAVA,*,*,Es un lenguaje de programaciÃ³n y una plataforma informÃ¡tica comercializada por primera vez en 1995 por Sun Microsystems. Java es rÃ¡pido#Comma seguro y fiable. Para mas informaciÃ³n puede ingresar en:#Newline  		<button>#Newline           <text>Ingrese AquÃ­</text>#Newline           <url>https://www.java.com/es/download/faq/whatis_java.xml</url>#Newline          </button>,soniat.aiml
0,_ JAVA *,*,*,Es un lenguaje de programaciÃ³n y una plataforma informÃ¡tica comercializada por primera vez en 1995 por Sun Microsystems. Java es rÃ¡pido#Comma seguro y fiable. Para mas informaciÃ³n puede ingresar en:#Newline  		<button>#Newline           <text>Ingrese AquÃ­</text>#Newline           <url>https://www.java.com/es/download/faq/whatis_java.xml</url>#Newline          </button>,soniat.aiml
0,_ JAVA,*,*,Es un lenguaje de programaciÃ³n y una plataforma informÃ¡tica comercializada por primera vez en 1995 por Sun Microsystems. Java es rÃ¡pido#Comma seguro y fiable. Para mas informaciÃ³n puede ingresar en:#Newline  		<button>#Newline           <text>Ingrese AquÃ­</text>#Newline           <url>https://www.java.com/es/download/faq/whatis_java.xml</url>#Newline          </button>,soniat.aiml
0,JAVA *,*,*,Es un lenguaje de programaciÃ³n y una plataforma informÃ¡tica comercializada por primera vez en 1995 por Sun Microsystems. Java es rÃ¡pido#Comma seguro y fiable. Para mas informaciÃ³n puede ingresar en:#Newline  		<button>#Newline           <text>Ingrese AquÃ­</text>#Newline           <url>https://www.java.com/es/download/faq/whatis_java.xml</url>#Newline          </button>,soniat.aiml
0,SPRINGBOOT,*,*,Spring Boot facilita la creaciÃ³n de aplicaciones independientes basadas en Spring de grado de producciÃ³n que puede "simplemente ejecutar". Para mas informaciÃ³n:#Newline  		<button>#Newline           <text>Ingrese AquÃ­</text>#Newline           <url>https://spring.io/projects/spring-boot</url>#Newline          </button>,soniat.aiml
0,_ SPRINGBOOT *,*,*,Spring Boot facilita la creaciÃ³n de aplicaciones independientes basadas en Spring de grado de producciÃ³n que puede "simplemente ejecutar". Para mas informaciÃ³n:#Newline  		<button>#Newline         <text>Ingrese AquÃ­</text>#Newline         <url>https://spring.io/projects/spring-boot</url>#Newline          </button>,soniat.aiml
0,_ SPRINGBOOT,*,*,Spring Boot facilita la creaciÃ³n de aplicaciones independientes basadas en Spring de grado de producciÃ³n que puede "simplemente ejecutar". Para mas informaciÃ³n:#Newline  		<button>#Newline           <text>Ingrese AquÃ­</text>#Newline           <url>https://spring.io/projects/spring-boot</url>#Newline          </button>,soniat.aiml
0,SPRINGBOOT *,*,*,Spring Boot facilita la creaciÃ³n de aplicaciones independientes basadas en Spring de grado de producciÃ³n que puede "simplemente ejecutar". Para mas informaciÃ³n:#Newline  		<button>#Newline           <text>Ingrese AquÃ­</text>#Newline           <url>https://spring.io/projects/spring-boot</url>#Newline          </button>,soniat.aiml
0,ANGULAR,*,*,Angular es un marco de diseÃ±o de aplicaciones y una plataforma de desarrollo para crear aplicaciones eficientes y sofisticadas de una sola pÃ¡gina. Para mÃ¡s informaciÃ³n#Newline  		<button>#Newline           <text>Ingrese AquÃ­</text>#Newline           <url>https://angular.io/docs</url>#Newline          </button>,soniat.aiml
0,_ ANGULAR *,*,*,Angular es un marco de diseÃ±o de aplicaciones y una plataforma de desarrollo para crear aplicaciones eficientes y sofisticadas de una sola pÃ¡gina. Para mÃ¡s informaciÃ³n#Newline  		<button>#Newline           <text>Ingrese AquÃ­</text>#Newline           <url>https://angular.io/docs</url>#Newline          </button>,soniat.aiml
0,_ ANGULAR,*,*,Angular es un marco de diseÃ±o de aplicaciones y una plataforma de desarrollo para crear aplicaciones eficientes y sofisticadas de una sola pÃ¡gina. Para mÃ¡s informaciÃ³n#Newline  		<button>#Newline           <text>Ingrese AquÃ­</text>#Newline           <url>https://angular.io/docs</url>#Newline          </button>,soniat.aiml
0,ANGULAR *,*,*,Angular es un marco de diseÃ±o de aplicaciones y una plataforma de desarrollo para crear aplicaciones eficientes y sofisticadas de una sola pÃ¡gina. Para mÃ¡s informaciÃ³n#Newline  		<button>#Newline           <text>Ingrese AquÃ­</text>#Newline           <url>https://angular.io/docs</url>#Newline          </button>,soniat.aiml
0,LARAVEL,*,*,Laravel es un marco de aplicaciÃ³n web con sintaxis expresiva y elegante. Ya hemos sentado las bases#Comma liberÃ¡ndote para crear sin sudar las cosas pequeÃ±as. Para mas informaciÃ³n#Newline  		<button>#Newline           <text>Ingrese AquÃ­</text>#Newline           <url>https://laravel.com/</url>#Newline          </button>,soniat.aiml
0,_ LARAVEL *,*,*,Laravel es un marco de aplicaciÃ³n web con sintaxis expresiva y elegante. Ya hemos sentado las bases#Comma liberÃ¡ndote para crear sin sudar las cosas pequeÃ±as. Para mas informaciÃ³n#Newline  		<button>#Newline           <text>Ingrese AquÃ­</text>#Newline           <url>https://laravel.com/</url>#Newline          </button>,soniat.aiml
0,_ LARAVEL,*,*,Laravel es un marco de aplicaciÃ³n web con sintaxis expresiva y elegante. Ya hemos sentado las bases#Comma liberÃ¡ndote para crear sin sudar las cosas pequeÃ±as. Para mas informaciÃ³n#Newline  		<button>#Newline           <text>Ingrese AquÃ­</text>#Newline           <url>https://laravel.com/</url>#Newline          </button>,soniat.aiml
0,LARAVEL *,*,*,Laravel es un marco de aplicaciÃ³n web con sintaxis expresiva y elegante. Ya hemos sentado las bases#Comma liberÃ¡ndote para crear sin sudar las cosas pequeÃ±as. Para mas informaciÃ³n#Newline  		<button>#Newline           <text>Ingrese AquÃ­</text>#Newline           <url>https://laravel.com/</url>#Newline          </button>,soniat.aiml
0,MICRO SERVICIOS,*,*,Una â&#128;&#156;arquitectura de microserviciosâ&#128;&#157; es un enfoque para desarrollar una aplicaciÃ³n software como una serie de pequeÃ±os servicios#Comma cada uno ejecutÃ¡ndose de forma autÃ³noma y comunicÃ¡ndose entre sÃ­#Comma por ejemplo#Comma a travÃ©s de peticiones HTTP a sus API.,soniat.aiml
0,_ MICRO SERVICIOS *,*,*,Una â&#128;&#156;arquitectura de microserviciosâ&#128;&#157; es un enfoque para desarrollar una aplicaciÃ³n software como una serie de pequeÃ±os servicios#Comma cada uno ejecutÃ¡ndose de forma autÃ³noma y comunicÃ¡ndose entre sÃ­#Comma por ejemplo#Comma a travÃ©s de peticiones HTTP a sus API.,soniat.aiml
0,_ MICRO SERVICIOS,*,*,Una â&#128;&#156;arquitectura de microserviciosâ&#128;&#157; es un enfoque para desarrollar una aplicaciÃ³n software como una serie de pequeÃ±os servicios#Comma cada uno ejecutÃ¡ndose de forma autÃ³noma y comunicÃ¡ndose entre sÃ­#Comma por ejemplo#Comma a travÃ©s de peticiones HTTP a sus API.,soniat.aiml
0,MICRO SERVICIOS *,*,*,Una â&#128;&#156;arquitectura de microserviciosâ&#128;&#157; es un enfoque para desarrollar una aplicaciÃ³n software como una serie de pequeÃ±os servicios#Comma cada uno ejecutÃ¡ndose de forma autÃ³noma y comunicÃ¡ndose entre sÃ­#Comma por ejemplo#Comma a travÃ©s de peticiones HTTP a sus API.,soniat.aiml
0,API,*,*,Es un conjunto de definiciones y protocolos que se utiliza para desarrollar e integrar el software de las aplicaciones. API significa interfaz de programaciÃ³n de aplicaciones (del inglÃ©s API: Application Programming Interface).,soniat.aiml
0,_ API *,*,*,Es un conjunto de definiciones y protocolos que se utiliza para desarrollar e integrar el software de las aplicaciones. API significa interfaz de programaciÃ³n de aplicaciones (del inglÃ©s API: Application Programming Interface).,soniat.aiml
0,_ API,*,*,Es un conjunto de definiciones y protocolos que se utiliza para desarrollar e integrar el software de las aplicaciones. API significa interfaz de programaciÃ³n de aplicaciones (del inglÃ©s API: Application Programming Interface).,soniat.aiml
0,API *,*,*,Es un conjunto de definiciones y protocolos que se utiliza para desarrollar e integrar el software de las aplicaciones. API significa interfaz de programaciÃ³n de aplicaciones (del inglÃ©s API: Application Programming Interface).,soniat.aiml
0,DEVOPS,*,*,Describe los enfoques para agilizar los procesos con los que una idea pasa del desarrollo a la implementaciÃ³n#Comma en un entorno de producciÃ³n en que puede generar valor para el usuario. Para mas informacion:#Newline  		<button>#Newline           <text>Ingrese AquÃ­</text>#Newline           <url>https://www.paradigmadigital.com/techbiz/que-es-devops-y-sobre-todo-que-no-es-devops/</url>#Newline          </button>,soniat.aiml
0,_ DEVOPS *,*,*,Describe los enfoques para agilizar los procesos con los que una idea pasa del desarrollo a la implementaciÃ³n#Comma en un entorno de producciÃ³n en que puede generar valor para el usuario. Para mas informacion:#Newline  		<button>#Newline           <text>Ingrese AquÃ­</text>#Newline           <url>https://www.paradigmadigital.com/techbiz/que-es-devops-y-sobre-todo-que-no-es-devops/</url>#Newline          </button>,soniat.aiml
0,_ DEVOPS,*,*,Describe los enfoques para agilizar los procesos con los que una idea pasa del desarrollo a la implementaciÃ³n#Comma en un entorno de producciÃ³n en que puede generar valor para el usuario. Para mas informacion:#Newline  		<button>#Newline           <text>Ingrese AquÃ­</text>#Newline           <url>https://www.paradigmadigital.com/techbiz/que-es-devops-y-sobre-todo-que-no-es-devops/</url>#Newline          </button>,soniat.aiml
0,DEVOPS *,*,*,Describe los enfoques para agilizar los procesos con los que una idea pasa del desarrollo a la implementaciÃ³n#Comma en un entorno de producciÃ³n en que puede generar valor para el usuario. Para mas informacion:#Newline  	<button>#Newline  	<text>Ingrese AquÃ­</text>#Newline  	<url>https://www.paradigmadigital.com/techbiz/que-es-devops-y-sobre-todo-que-no-es-devops/</url>#Newline  	   </button>,soniat.aiml
0,EFICAZ,*,*,SOAINT establece metas para alcanzar y desarrollar de manera mas efectiva las tareas para conseguir el objetivo deseado. Garantizando la confiabilidad y seguridad del cliente,soniat.aiml
0,EFICAZ *,*,*,SOAINT establece metas para alcanzar y desarrollar de manera mas efectiva las tareas para conseguir el objetivo deseado. Garantizando la confiabilidad y seguridad del cliente,soniat.aiml
0,_ EFICAZ *,*,*,SOAINT establece metas para alcanzar y desarrollar de manera mas efectiva las tareas para conseguir el objetivo deseado. Garantizando la confiabilidad y seguridad del cliente,soniat.aiml
0,_ EFICAZ,*,*,SOAINT establece metas para alcanzar y desarrollar de manera mas efectiva las tareas para conseguir el objetivo deseado. Garantizando la confiabilidad y seguridad del cliente,soniat.aiml
0,PRODUCCION,*,*,SOAINT establece metas para alcanzar y desarrollar de manera mas efectiva las tareas para conseguir el objetivo deseado. Garantizando la confiabilidad y seguridad del cliente,soniat.aiml
0,PRODUCCION *,*,*,SOAINT establece metas para alcanzar y desarrollar de manera mas efectiva las tareas para conseguir el objetivo deseado. Garantizando la confiabilidad y seguridad del cliente,soniat.aiml
0,_ PRODUCCION *,*,*,SOAINT establece metas para alcanzar y desarrollar de manera mas efectiva las tareas para conseguir el objetivo deseado. Garantizando la confiabilidad y seguridad del cliente,soniat.aiml
0,_ PRODUCCION,*,*,SOAINT establece metas para alcanzar y desarrollar de manera mas efectiva las tareas para conseguir el objetivo deseado. Garantizando la confiabilidad y seguridad del cliente,soniat.aiml
0,SUCURSAL,*,*,SOAINT tiene sucursales en distintas partes del mundo#Comma como lo son: Argentina#Comma Chile#Comma Colombia#Comma Costa Rica#Comma Ecuador#Comma EspaÃ±a#Comma MÃ©xico#Comma PÃ¡nama#Comma Qatar#Comma Republica Dominicana#Comma Venezuela,soniat.aiml
0,SUCURSAL *,*,*,SOAINT tiene sucursales en distintas partes del mundo#Comma como lo son: Argentina#Comma Chile#Comma Colombia#Comma Costa Rica#Comma Ecuador#Comma EspaÃ±a#Comma MÃ©xico#Comma PÃ¡nama#Comma Qatar#Comma Republica Dominicana#Comma Venezuela,soniat.aiml
0,_ SUCURSAL,*,*,SOAINT tiene sucursales en distintas partes del mundo#Comma como lo son: Argentina#Comma Chile#Comma Colombia#Comma Costa Rica#Comma Ecuador#Comma EspaÃ±a#Comma MÃ©xico#Comma PÃ¡nama#Comma Qatar#Comma Republica Dominicana#Comma Venezuela,soniat.aiml
0,_ SUCURSAL *,*,*,SOAINT tiene sucursales en distintas partes del mundo#Comma como lo son: Argentina#Comma Chile#Comma Colombia#Comma Costa Rica#Comma Ecuador#Comma EspaÃ±a#Comma MÃ©xico#Comma PÃ¡nama#Comma Qatar#Comma Republica Dominicana#Comma Venezuela,soniat.aiml
0,SUCURSALES,*,*,SOAINT tiene sucursales en distintas partes del mundo#Comma como lo son: Argentina#Comma Chile#Comma Colombia#Comma Costa Rica#Comma Ecuador#Comma EspaÃ±a#Comma MÃ©xico#Comma PÃ¡nama#Comma Qatar#Comma Republica Dominicana#Comma Venezuela,soniat.aiml
0,SUCURSALES *,*,*,SOAINT tiene sucursales en distintas partes del mundo#Comma como lo son: Argentina#Comma Chile#Comma Colombia#Comma Costa Rica#Comma Ecuador#Comma EspaÃ±a#Comma MÃ©xico#Comma PÃ¡nama#Comma Qatar#Comma Republica Dominicana#Comma Venezuela,soniat.aiml
0,_ SUCURSALES,*,*,SOAINT tiene sucursales en distintas partes del mundo#Comma como lo son: Argentina#Comma Chile#Comma Colombia#Comma Costa Rica#Comma Ecuador#Comma EspaÃ±a#Comma MÃ©xico#Comma PÃ¡nama#Comma Qatar#Comma Republica Dominicana#Comma Venezuela,soniat.aiml
0,_ SUCURSALES *,*,*,SOAINT tiene sucursales en distintas partes del mundo#Comma como lo son: Argentina#Comma Chile#Comma Colombia#Comma Costa Rica#Comma Ecuador#Comma EspaÃ±a#Comma MÃ©xico#Comma PÃ¡nama#Comma Qatar#Comma Republica Dominicana#Comma Venezuela,soniat.aiml
0,PAIS,*,*,SOAINT tiene sucursales en distintas partes del mundo#Comma como lo son: Argentina#Comma Chile#Comma Colombia#Comma Costa Rica#Comma Ecuador#Comma EspaÃ±a#Comma MÃ©xico#Comma PÃ¡nama#Comma Qatar#Comma Republica Dominicana#Comma Venezuela,soniat.aiml
0,PAIS *,*,*,SOAINT tiene sucursales en distintas partes del mundo#Comma como lo son: Argentina#Comma Chile#Comma Colombia#Comma Costa Rica#Comma Ecuador#Comma EspaÃ±a#Comma MÃ©xico#Comma PÃ¡nama#Comma Qatar#Comma Republica Dominicana#Comma Venezuela,soniat.aiml
0,_ PAIS,*,*,SOAINT tiene sucursales en distintas partes del mundo#Comma como lo son: Argentina#Comma Chile#Comma Colombia#Comma Costa Rica#Comma Ecuador#Comma EspaÃ±a#Comma MÃ©xico#Comma PÃ¡nama#Comma Qatar#Comma Republica Dominicana#Comma Venezuela,soniat.aiml
0,_ PAIS *,*,*,SOAINT tiene sucursales en distintas partes del mundo#Comma como lo son: Argentina#Comma Chile#Comma Colombia#Comma Costa Rica#Comma Ecuador#Comma EspaÃ±a#Comma MÃ©xico#Comma PÃ¡nama#Comma Qatar#Comma Republica Dominicana#Comma Venezuela,soniat.aiml
0,PAISES,*,*,SOAINT tiene sucursales en distintas partes del mundo#Comma como lo son: Argentina#Comma Chile#Comma Colombia#Comma Costa Rica#Comma Ecuador#Comma EspaÃ±a#Comma MÃ©xico#Comma PÃ¡nama#Comma Qatar#Comma Republica Dominicana#Comma Venezuela,soniat.aiml
0,PAISES *,*,*,SOAINT tiene sucursales en distintas partes del mundo#Comma como lo son: Argentina#Comma Chile#Comma Colombia#Comma Costa Rica#Comma Ecuador#Comma EspaÃ±a#Comma MÃ©xico#Comma PÃ¡nama#Comma Qatar#Comma Republica Dominicana#Comma Venezuela,soniat.aiml
0,_ PAISES,*,*,SOAINT tiene sucursales en distintas partes del mundo#Comma como lo son: Argentina#Comma Chile#Comma Colombia#Comma Costa Rica#Comma Ecuador#Comma EspaÃ±a#Comma MÃ©xico#Comma PÃ¡nama#Comma Qatar#Comma Republica Dominicana#Comma Venezuela,soniat.aiml
0,_ PAISES *,*,*,SOAINT tiene sucursales en distintas partes del mundo#Comma como lo son: Argentina#Comma Chile#Comma Colombia#Comma Costa Rica#Comma Ecuador#Comma EspaÃ±a#Comma MÃ©xico#Comma PÃ¡nama#Comma Qatar#Comma Republica Dominicana#Comma Venezuela,soniat.aiml
